=== Installing paddlepaddle-xpu ===
Collecting paddlepaddle-xpu==2.6.1
  Downloading https://paddle-whl.bj.bcebos.com/paddlex/xpu/paddlepaddle_xpu-2.6.1-cp310-cp310-linux_x86_64.whl (468.4 MB)
     ━━━━━━━━━━━━━━━━━━━━━━━━━━━━━━━━━━━━━━━ 468.4/468.4 MB 5.5 MB/s eta 0:00:00
Requirement already satisfied: httpx in /usr/local/lib/python3.10/dist-packages (from paddlepaddle-xpu==2.6.1) (0.27.0)
Requirement already satisfied: numpy>=1.13 in /usr/local/lib/python3.10/dist-packages (from paddlepaddle-xpu==2.6.1) (1.26.4)
Requirement already satisfied: Pillow in /usr/local/lib/python3.10/dist-packages (from paddlepaddle-xpu==2.6.1) (10.2.0)
Requirement already satisfied: decorator in /usr/local/lib/python3.10/dist-packages (from paddlepaddle-xpu==2.6.1) (5.1.1)
Requirement already satisfied: astor in /usr/local/lib/python3.10/dist-packages (from paddlepaddle-xpu==2.6.1) (0.8.1)
Requirement already satisfied: opt-einsum==3.3.0 in /usr/local/lib/python3.10/dist-packages (from paddlepaddle-xpu==2.6.1) (3.3.0)
Requirement already satisfied: protobuf>=3.20.2 in /usr/local/lib/python3.10/dist-packages (from paddlepaddle-xpu==2.6.1) (4.25.3)
Requirement already satisfied: anyio in /usr/local/lib/python3.10/dist-packages (from httpx->paddlepaddle-xpu==2.6.1) (4.3.0)
Requirement already satisfied: certifi in /usr/lib/python3/dist-packages (from httpx->paddlepaddle-xpu==2.6.1) (2019.11.28)
Requirement already satisfied: httpcore==1.* in /usr/local/lib/python3.10/dist-packages (from httpx->paddlepaddle-xpu==2.6.1) (1.0.4)
Requirement already satisfied: idna in /usr/lib/python3/dist-packages (from httpx->paddlepaddle-xpu==2.6.1) (2.8)
Requirement already satisfied: sniffio in /usr/local/lib/python3.10/dist-packages (from httpx->paddlepaddle-xpu==2.6.1) (1.3.1)
Requirement already satisfied: h11<0.15,>=0.13 in /usr/local/lib/python3.10/dist-packages (from httpcore==1.*->httpx->paddlepaddle-xpu==2.6.1) (0.14.0)
Requirement already satisfied: exceptiongroup>=1.0.2 in /usr/local/lib/python3.10/dist-packages (from anyio->httpx->paddlepaddle-xpu==2.6.1) (1.2.0)
Requirement already satisfied: typing-extensions>=4.1 in /usr/local/lib/python3.10/dist-packages (from anyio->httpx->paddlepaddle-xpu==2.6.1) (4.10.0)
Installing collected packages: paddlepaddle-xpu
Successfully installed paddlepaddle-xpu-2.6.1
WARNING: Running pip as the 'root' user can result in broken permissions and conflicting behaviour with the system package manager. It is recommended to use a virtual environment instead: https://pip.pypa.io/warnings/venv

[notice] A new release of pip is available: 24.0 -> 26.1.1
[notice] To update, run: python3.10 -m pip install --upgrade pip
=== Download ResNet-50 inference model ===

     0K .......... .......... .......... .......... ..........  0% 1.67M 54s
    50K .......... .......... .......... .......... ..........  0% 1.82M 52s
   100K .......... .......... .......... .......... ..........  0% 1.73M 52s
   150K .......... .......... .......... .......... ..........  0% 48.4M 40s
   200K .......... .......... .......... .......... ..........  0% 63.6M 32s
   250K .......... .......... .......... .......... ..........  0% 3.29M 31s
   300K .......... .......... .......... .......... ..........  0% 3.81M 30s
   350K .......... .......... .......... .......... ..........  0% 57.9M 26s
   400K .......... .......... .......... .......... ..........  0% 74.3M 24s
   450K .......... .......... .......... .......... ..........  0% 3.23M 24s
   500K .......... .......... .......... .......... ..........  0% 3.86M 24s
   550K .......... .......... .......... .......... ..........  0% 73.5M 22s
   600K .......... .......... .......... .......... ..........  0% 79.7M 20s
   650K .......... .......... .......... .......... ..........  0% 3.26M 21s
   700K .......... .......... .......... .......... ..........  0% 3.73M 21s
   750K .......... .......... .......... .......... ..........  0% 71.8M 20s
   800K .......... .......... .......... .......... ..........  0% 46.8M 19s
   850K .......... .......... .......... .......... ..........  0% 1.85M 20s
   900K .......... .......... .......... .......... ..........  1% 28.2M 20s
   950K .......... .......... .......... .......... ..........  1% 54.1M 19s
  1000K .......... .......... .......... .......... ..........  1% 66.9M 18s
  1050K .......... .......... .......... .......... ..........  1% 3.63M 18s
  1100K .......... .......... .......... .......... ..........  1%  832K 22s
  1150K .......... .......... .......... .......... ..........  1%  837K 26s
  1200K .......... .......... .......... .......... ..........  1%  850K 29s
  1250K .......... .......... .......... .......... ..........  1%  815K 32s
  1300K .......... .......... .......... .......... ..........  1%  555K 37s
  1350K .......... .......... .......... .......... ..........  1%  534K 42s
  1400K .......... .......... .......... .......... ..........  1%  466K 47s
  1450K .......... .......... .......... .......... ..........  1%  468K 52s
  1500K .......... .......... .......... .......... ..........  1%  485K 56s
  1550K .......... .......... .......... .......... ..........  1%  485K 61s
  1600K .......... .......... .......... .......... ..........  1%  460K 65s
  1650K .......... .......... .......... .......... ..........  1%  357K 70s
  1700K .......... .......... .......... .......... ..........  1%  485K 74s
  1750K .......... .......... .......... .......... ..........  1%  486K 77s
  1800K .......... .......... .......... .......... ..........  1%  450K 80s
  1850K .......... .......... .......... .......... ..........  2%  484K 83s
  1900K .......... .......... .......... .......... ..........  2%  485K 85s
  1950K .......... .......... .......... .......... ..........  2%  459K 88s
  2000K .......... .......... .......... .......... ..........  2%  484K 91s
  2050K .......... .......... .......... .......... ..........  2%  358K 94s
  2100K .......... .......... .......... .......... ..........  2%  460K 97s
  2150K .......... .......... .......... .......... ..........  2%  476K 99s
  2200K .......... .......... .......... .......... ..........  2%  485K 1m41s
  2250K .......... .......... .......... .......... ..........  2%  459K 1m43s
  2300K .......... .......... .......... .......... ..........  2%  485K 1m45s
  2350K .......... .......... .......... .......... ..........  2%  486K 1m46s
  2400K .......... .......... .......... .......... ..........  2%  460K 1m48s
  2450K .......... .......... .......... .......... ..........  2%  357K 1m51s
  2500K .......... .......... .......... .......... ..........  2%  486K 1m52s
  2550K .......... .......... .......... .......... ..........  2%  476K 1m54s
  2600K .......... .......... .......... .......... ..........  2%  458K 1m55s
  2650K .......... .......... .......... .......... ..........  2%  485K 1m56s
  2700K .......... .......... .......... .......... ..........  2%  485K 1m58s
  2750K .......... .......... .......... .......... ..........  3%  459K 1m59s
  2800K .......... .......... .......... .......... ..........  3%  485K 2m0s
  2850K .......... .......... .......... .......... ..........  3%  357K 2m2s
  2900K .......... .......... .......... .......... ..........  3%  486K 2m3s
  2950K .......... .......... .......... .......... ..........  3%  450K 2m5s
  3000K .......... .......... .......... .......... ..........  3%  485K 2m5s
  3050K .......... .......... .......... .......... ..........  3%  485K 2m6s
  3100K .......... .......... .......... .......... ..........  3%  459K 2m7s
  3150K .......... .......... .......... .......... ..........  3%  485K 2m8s
  3200K .......... .......... .......... .......... ..........  3%  486K 2m9s
  3250K .......... .......... .......... .......... ..........  3%  357K 2m11s
  3300K .......... .......... .......... .......... ..........  3%  451K 2m12s
  3350K .......... .......... .......... .......... ..........  3%  485K 2m12s
  3400K .......... .......... .......... .......... ..........  3%  485K 2m13s
  3450K .......... .......... .......... .......... ..........  3%  458K 2m14s
  3500K .......... .......... .......... .......... ..........  3%  484K 2m15s
  3550K .......... .......... .......... .......... ..........  3%  486K 2m15s
  3600K .......... .......... .......... .......... ..........  3%  451K 2m16s
  3650K .......... .......... .......... .......... ..........  3%  363K 2m17s
  3700K .......... .......... .......... .......... ..........  4%  476K 2m18s
  3750K .......... .......... .......... .......... ..........  4%  459K 2m19s
  3800K .......... .......... .......... .......... ..........  4%  485K 2m19s
  3850K .......... .......... .......... .......... ..........  4%  485K 2m20s
  3900K .......... .......... .......... .......... ..........  4%  459K 2m20s
  3950K .......... .......... .......... .......... ..........  4%  486K 2m21s
  4000K .......... .......... .......... .......... ..........  4%  476K 2m21s
  4050K .......... .......... .......... .......... ..........  4%  363K 2m22s
  4100K .......... .......... .......... .......... ..........  4%  451K 2m23s
  4150K .......... .......... .......... .......... ..........  4%  486K 2m23s
  4200K .......... .......... .......... .......... ..........  4%  483K 2m24s
  4250K .......... .......... .......... .......... ..........  4%  459K 2m24s
  4300K .......... .......... .......... .......... ..........  4%  485K 2m25s
  4350K .......... .......... .......... .......... ..........  4%  479K 2m25s
  4400K .......... .......... .......... .......... ..........  4%  456K 2m25s
  4450K .......... .......... .......... .......... ..........  4%  358K 2m26s
  4500K .......... .......... .......... .......... ..........  4%  485K 2m27s
  4550K .......... .......... .......... .......... ..........  4%  484K 2m27s
  4600K .......... .......... .......... .......... ..........  5%  459K 2m27s
  4650K .......... .......... .......... .......... ..........  5%  483K 2m28s
  4700K .......... .......... .......... .......... ..........  5%  485K 2m28s
  4750K .......... .......... .......... .......... ..........  5%  452K 2m28s
  4800K .......... .......... .......... .......... ..........  5%  484K 2m29s
  4850K .......... .......... .......... .......... ..........  5%  356K 2m30s
  4900K .......... .......... .......... .......... ..........  5%  486K 2m30s
  4950K .......... .......... .......... .......... ..........  5%  458K 2m30s
  5000K .......... .......... .......... .......... ..........  5%  484K 2m30s
  5050K .......... .......... .......... .......... ..........  5%  484K 2m31s
  5100K .......... .......... .......... .......... ..........  5%  461K 2m31s
  5150K .......... .......... .......... .......... ..........  5%  476K 2m31s
  5200K .......... .......... .......... .......... ..........  5%  486K 2m31s
  5250K .......... .......... .......... .......... ..........  5%  343K 2m32s
  5300K .......... .......... .......... .......... ..........  5%  485K 2m32s
  5350K .......... .......... .......... .......... ..........  5%  485K 2m33s
  5400K .......... .......... .......... .......... ..........  5%  458K 2m33s
  5450K .......... .......... .......... .......... ..........  5%  484K 2m33s
  5500K .......... .......... .......... .......... ..........  5%  486K 2m33s
  5550K .......... .......... .......... .......... ..........  6%  451K 2m33s
  5600K .......... .......... .......... .......... ..........  6%  292K 2m35s
  5650K .......... .......... .......... .......... ..........  6%  245K 2m36s
  5700K .......... .......... .......... .......... ..........  6%  551K 2m36s
  5750K .......... .......... .......... .......... ..........  6%  727K 2m36s
  5800K .......... .......... .......... .......... ..........  6% 1003K 2m35s
  5850K .......... .......... .......... .......... ..........  6% 1.20M 2m34s
  5900K .......... .......... .......... .......... ..........  6% 1.36M 2m33s
  5950K .......... .......... .......... .......... ..........  6% 1.67M 2m33s
  6000K .......... .......... .......... .......... ..........  6% 1.89M 2m32s
  6050K .......... .......... .......... .......... ..........  6% 1.61M 2m31s
  6100K .......... .......... .......... .......... ..........  6% 2.31M 2m30s
  6150K .......... .......... .......... .......... ..........  6% 2.69M 2m29s
  6200K .......... .......... .......... .......... ..........  6% 2.90M 2m28s
  6250K .......... .......... .......... .......... ..........  6% 2.92M 2m27s
  6300K .......... .......... .......... .......... ..........  6% 3.42M 2m26s
  6350K .......... .......... .......... .......... ..........  6% 3.55M 2m24s
  6400K .......... .......... .......... .......... ..........  6% 3.69M 2m23s
  6450K .......... .......... .......... .......... ..........  6% 3.06M 2m22s
  6500K .......... .......... .......... .......... ..........  7% 4.36M 2m21s
  6550K .......... .......... .......... .......... ..........  7% 4.71M 2m20s
  6600K .......... .......... .......... .......... ..........  7% 4.54M 2m19s
  6650K .......... .......... .......... .......... ..........  7% 5.05M 2m18s
  6700K .......... .......... .......... .......... ..........  7% 5.48M 2m17s
  6750K .......... .......... .......... .......... ..........  7% 5.45M 2m16s
  6800K .......... .......... .......... .......... ..........  7% 5.60M 2m16s
  6850K .......... .......... .......... .......... ..........  7% 4.82M 2m15s
  6900K .......... .......... .......... .......... ..........  7% 5.95M 2m14s
  6950K .......... .......... .......... .......... ..........  7% 6.69M 2m13s
  7000K .......... .......... .......... .......... ..........  7% 7.18M 2m12s
  7050K .......... .......... .......... .......... ..........  7% 6.87M 2m11s
  7100K .......... .......... .......... .......... ..........  7% 7.06M 2m10s
  7150K .......... .......... .......... .......... ..........  7% 8.08M 2m9s
  7200K .......... .......... .......... .......... ..........  7% 7.59M 2m8s
  7250K .......... .......... .......... .......... ..........  7% 6.10M 2m7s
  7300K .......... .......... .......... .......... ..........  7% 8.09M 2m6s
  7350K .......... .......... .......... .......... ..........  7% 8.77M 2m6s
  7400K .......... .......... .......... .......... ..........  8% 9.13M 2m5s
  7450K .......... .......... .......... .......... ..........  8% 8.65M 2m4s
  7500K .......... .......... .......... .......... ..........  8% 9.67M 2m3s
  7550K .......... .......... .......... .......... ..........  8% 9.47M 2m2s
  7600K .......... .......... .......... .......... ..........  8% 10.0M 2m1s
  7650K .......... .......... .......... .......... ..........  8% 7.34M 2m1s
  7700K .......... .......... .......... .......... ..........  8% 10.5M 2m0s
  7750K .......... .......... .......... .......... ..........  8% 8.09M 1m59s
  7800K .......... .......... .......... .......... ..........  8% 14.8M 1m58s
  7850K .......... .......... .......... .......... ..........  8% 10.6M 1m57s
  7900K .......... .......... .......... .......... ..........  8% 11.8M 1m57s
  7950K .......... .......... .......... .......... ..........  8% 12.1M 1m56s
  8000K .......... .......... .......... .......... ..........  8% 12.8M 1m55s
  8050K .......... .......... .......... .......... ..........  8% 8.46M 1m54s
  8100K .......... .......... .......... .......... ..........  8% 13.3M 1m54s
  8150K .......... .......... .......... .......... ..........  8% 11.8M 1m53s
  8200K .......... .......... .......... .......... ..........  8% 13.1M 1m52s
  8250K .......... .......... .......... .......... ..........  8% 13.8M 1m52s
  8300K .......... .......... .......... .......... ..........  8% 10.7M 1m51s
  8350K .......... .......... .......... .......... ..........  9% 13.3M 1m50s
  8400K .......... .......... .......... .......... ..........  9% 13.9M 1m50s
  8450K .......... .......... .......... .......... ..........  9% 10.8M 1m49s
  8500K .......... .......... .......... .......... ..........  9% 14.7M 1m48s
  8550K .......... .......... .......... .......... ..........  9% 14.4M 1m48s
  8600K .......... .......... .......... .......... ..........  9% 15.0M 1m47s
  8650K .......... .......... .......... .......... ..........  9% 17.0M 1m46s
  8700K .......... .......... .......... .......... ..........  9% 14.2M 1m46s
  8750K .......... .......... .......... .......... ..........  9% 15.0M 1m45s
  8800K .......... .......... .......... .......... ..........  9% 16.8M 1m44s
  8850K .......... .......... .......... .......... ..........  9% 12.1M 1m44s
  8900K .......... .......... .......... .......... ..........  9% 16.6M 1m43s
  8950K .......... .......... .......... .......... ..........  9% 15.8M 1m43s
  9000K .......... .......... .......... .......... ..........  9% 16.0M 1m42s
  9050K .......... .......... .......... .......... ..........  9% 16.2M 1m41s
  9100K .......... .......... .......... .......... ..........  9% 17.7M 1m41s
  9150K .......... .......... .......... .......... ..........  9% 16.8M 1m40s
  9200K .......... .......... .......... .......... ..........  9% 17.2M 1m40s
  9250K .......... .......... .......... .......... .......... 10% 14.5M 99s
  9300K .......... .......... .......... .......... .......... 10% 19.1M 98s
  9350K .......... .......... .......... .......... .......... 10% 16.4M 98s
  9400K .......... .......... .......... .......... .......... 10% 20.7M 97s
  9450K .......... .......... .......... .......... .......... 10% 18.8M 97s
  9500K .......... .......... .......... .......... .......... 10% 20.8M 96s
  9550K .......... .......... .......... .......... .......... 10% 17.4M 96s
  9600K .......... .......... .......... .......... .......... 10% 20.1M 95s
  9650K .......... .......... .......... .......... .......... 10% 15.7M 95s
  9700K .......... .......... .......... .......... .......... 10% 20.1M 94s
  9750K .......... .......... .......... .......... .......... 10% 22.5M 94s
  9800K .......... .......... .......... .......... .......... 10% 22.4M 93s
  9850K .......... .......... .......... .......... .......... 10% 16.7M 93s
  9900K .......... .......... .......... .......... .......... 10% 23.5M 92s
  9950K .......... .......... .......... .......... .......... 10% 22.2M 92s
 10000K .......... .......... .......... .......... .......... 10% 23.8M 91s
 10050K .......... .......... .......... .......... .......... 10% 16.4M 91s
 10100K .......... .......... .......... .......... .......... 10% 19.9M 90s
 10150K .......... .......... .......... .......... .......... 10% 22.7M 90s
 10200K .......... .......... .......... .......... .......... 11% 21.6M 89s
 10250K .......... .......... .......... .......... .......... 11% 24.7M 89s
 10300K .......... .......... .......... .......... .......... 11% 28.2M 88s
 10350K .......... .......... .......... .......... .......... 11% 19.2M 88s
 10400K .......... .......... .......... .......... .......... 11% 25.7M 87s
 10450K .......... .......... .......... .......... .......... 11% 19.1M 87s
 10500K .......... .......... .......... .......... .......... 11% 23.0M 86s
 10550K .......... .......... .......... .......... .......... 11% 27.7M 86s
 10600K .......... .......... .......... .......... .......... 11% 19.8M 86s
 10650K .......... .......... .......... .......... .......... 11% 28.8M 85s
 10700K .......... .......... .......... .......... .......... 11% 26.2M 85s
 10750K .......... .......... .......... .......... .......... 11% 29.5M 84s
 10800K .......... .......... .......... .......... .......... 11% 21.3M 84s
 10850K .......... .......... .......... .......... .......... 11% 20.2M 83s
 10900K .......... .......... .......... .......... .......... 11% 29.1M 83s
 10950K .......... .......... .......... .......... .......... 11% 24.3M 83s
 11000K .......... .......... .......... .......... .......... 11% 29.2M 82s
 11050K .......... .......... .......... .......... .......... 11% 21.7M 82s
 11100K .......... .......... .......... .......... .......... 12% 33.1M 81s
 11150K .......... .......... .......... .......... .......... 12% 27.6M 81s
 11200K .......... .......... .......... .......... .......... 12% 31.9M 81s
 11250K .......... .......... .......... .......... .......... 12% 21.2M 80s
 11300K .......... .......... .......... .......... .......... 12% 22.4M 80s
 11350K .......... .......... .......... .......... .......... 12% 32.5M 79s
 11400K .......... .......... .......... .......... .......... 12% 27.9M 79s
 11450K .......... .......... .......... .......... .......... 12% 33.6M 79s
 11500K .......... .......... .......... .......... .......... 12% 24.5M 78s
 11550K .......... .......... .......... .......... .......... 12% 36.7M 78s
 11600K .......... .......... .......... .......... .......... 12% 25.6M 78s
 11650K .......... .......... .......... .......... .......... 12% 24.1M 77s
 11700K .......... .......... .......... .......... .......... 12% 37.4M 77s
 11750K .......... .......... .......... .......... .......... 12% 25.0M 76s
 11800K .......... .......... .......... .......... .......... 12% 37.3M 76s
 11850K .......... .......... .......... .......... .......... 12% 26.5M 76s
 11900K .......... .......... .......... .......... .......... 12% 36.5M 75s
 11950K .......... .......... .......... .......... .......... 12% 27.9M 75s
 12000K .......... .......... .......... .......... .......... 12% 33.8M 75s
 12050K .......... .......... .......... .......... .......... 13% 25.3M 74s
 12100K .......... .......... .......... .......... .......... 13% 29.5M 74s
 12150K .......... .......... .......... .......... .......... 13% 41.3M 74s
 12200K .......... .......... .......... .......... .......... 13% 26.0M 73s
 12250K .......... .......... .......... .......... .......... 13% 38.8M 73s
 12300K .......... .......... .......... .......... .......... 13% 31.2M 73s
 12350K .......... .......... .......... .......... .......... 13% 34.9M 72s
 12400K .......... .......... .......... .......... .......... 13% 31.4M 72s
 12450K .......... .......... .......... .......... .......... 13% 24.6M 72s
 12500K .......... .......... .......... .......... .......... 13% 47.3M 71s
 12550K .......... .......... .......... .......... .......... 13% 30.6M 71s
 12600K .......... .......... .......... .......... .......... 13% 37.7M 71s
 12650K .......... .......... .......... .......... .......... 13% 31.6M 70s
 12700K .......... .......... .......... .......... .......... 13% 42.5M 70s
 12750K .......... .......... .......... .......... .......... 13% 30.9M 70s
 12800K .......... .......... .......... .......... .......... 13% 39.2M 69s
 12850K .......... .......... .......... .......... .......... 13% 32.1M 69s
 12900K .......... .......... .......... .......... .......... 13% 32.9M 69s
 12950K .......... .......... .......... .......... .......... 13% 40.1M 69s
 13000K .......... .......... .......... .......... .......... 14% 35.3M 68s
 13050K .......... .......... .......... .......... .......... 14% 39.2M 68s
 13100K .......... .......... .......... .......... .......... 14% 31.9M 68s
 13150K .......... .......... .......... .......... .......... 14% 42.9M 67s
 13200K .......... .......... .......... .......... .......... 14% 34.9M 67s
 13250K .......... .......... .......... .......... .......... 14% 29.0M 67s
 13300K .......... .......... .......... .......... .......... 14% 51.6M 67s
 13350K .......... .......... .......... .......... .......... 14% 33.5M 66s
 13400K .......... .......... .......... .......... .......... 14% 40.0M 66s
 13450K .......... .......... .......... .......... .......... 14% 39.9M 66s
 13500K .......... .......... .......... .......... .......... 14% 37.9M 65s
 13550K .......... .......... .......... .......... .......... 14% 39.4M 65s
 13600K .......... .......... .......... .......... .......... 14% 41.4M 65s
 13650K .......... .......... .......... .......... .......... 14% 32.1M 65s
 13700K .......... .......... .......... .......... .......... 14% 38.7M 64s
 13750K .......... .......... .......... .......... .......... 14% 43.8M 64s
 13800K .......... .......... .......... .......... .......... 14% 36.3M 64s
 13850K .......... .......... .......... .......... .......... 14% 54.6M 64s
 13900K .......... .......... .......... .......... .......... 15% 31.1M 63s
 13950K .......... .......... .......... .......... .......... 15% 52.2M 63s
 14000K .......... .......... .......... .......... .......... 15% 38.8M 63s
 14050K .......... .......... .......... .......... .......... 15% 33.9M 63s
 14100K .......... .......... .......... .......... .......... 15% 52.3M 62s
 14150K .......... .......... .......... .......... .......... 15% 37.5M 62s
 14200K .......... .......... .......... .......... .......... 15% 47.7M 62s
 14250K .......... .......... .......... .......... .......... 15% 40.4M 62s
 14300K .......... .......... .......... .......... .......... 15% 38.4M 61s
 14350K .......... .......... .......... .......... .......... 15% 41.7M 61s
 14400K .......... .......... .......... .......... .......... 15% 53.6M 61s
 14450K .......... .......... .......... .......... .......... 15% 36.0M 61s
 14500K .......... .......... .......... .......... .......... 15% 36.2M 60s
 14550K .......... .......... .......... .......... .......... 15% 50.6M 60s
 14600K .......... .......... .......... .......... .......... 15% 33.8M 60s
 14650K .......... .......... .......... .......... .......... 15% 60.0M 60s
 14700K .......... .......... .......... .......... .......... 15% 45.5M 59s
 14750K .......... .......... .......... .......... .......... 15% 44.6M 59s
 14800K .......... .......... .......... .......... .......... 15% 49.2M 59s
 14850K .......... .......... .......... .......... .......... 16% 39.0M 59s
 14900K .......... .......... .......... .......... .......... 16% 43.5M 58s
 14950K .......... .......... .......... .......... .......... 16% 43.1M 58s
 15000K .......... .......... .......... .......... .......... 16% 48.4M 58s
 15050K .......... .......... .......... .......... .......... 16% 48.9M 58s
 15100K .......... .......... .......... .......... .......... 16% 44.4M 58s
 15150K .......... .......... .......... .......... .......... 16% 51.6M 57s
 15200K .......... .......... .......... .......... .......... 16% 52.3M 57s
 15250K .......... .......... .......... .......... .......... 16% 40.2M 57s
 15300K .......... .......... .......... .......... .......... 16% 48.4M 57s
 15350K .......... .......... .......... .......... .......... 16% 42.5M 56s
 15400K .......... .......... .......... .......... .......... 16% 60.5M 56s
 15450K .......... .......... .......... .......... .......... 16% 48.5M 56s
 15500K .......... .......... .......... .......... .......... 16% 50.5M 56s
 15550K .......... .......... .......... .......... .......... 16% 41.8M 56s
 15600K .......... .......... .......... .......... .......... 16% 50.9M 55s
 15650K .......... .......... .......... .......... .......... 16% 50.6M 55s
 15700K .......... .......... .......... .......... .......... 16% 41.8M 55s
 15750K .......... .......... .......... .......... .......... 17% 63.4M 55s
 15800K .......... .......... .......... .......... .......... 17% 44.7M 55s
 15850K .......... .......... .......... .......... .......... 17% 48.6M 54s
 15900K .......... .......... .......... .......... .......... 17% 54.6M 54s
 15950K .......... .......... .......... .......... .......... 17% 49.4M 54s
 16000K .......... .......... .......... .......... .......... 17% 51.9M 54s
 16050K .......... .......... .......... .......... .......... 17% 40.5M 54s
 16100K .......... .......... .......... .......... .......... 17% 56.7M 53s
 16150K .......... .......... .......... .......... .......... 17% 63.5M 53s
 16200K .......... .......... .......... .......... .......... 17% 43.0M 53s
 16250K .......... .......... .......... .......... .......... 17% 58.7M 53s
 16300K .......... .......... .......... .......... .......... 17% 45.8M 53s
 16350K .......... .......... .......... .......... .......... 17% 66.8M 52s
 16400K .......... .......... .......... .......... .......... 17% 51.7M 52s
 16450K .......... .......... .......... .......... .......... 17% 44.4M 52s
 16500K .......... .......... .......... .......... .......... 17% 38.8M 52s
 16550K .......... .......... .......... .......... .......... 17% 81.0M 52s
 16600K .......... .......... .......... .......... .......... 17% 66.2M 51s
 16650K .......... .......... .......... .......... .......... 17% 43.0M 51s
 16700K .......... .......... .......... .......... .......... 18% 54.4M 51s
 16750K .......... .......... .......... .......... .......... 18% 65.8M 51s
 16800K .......... .......... .......... .......... .......... 18% 42.2M 51s
 16850K .......... .......... .......... .......... .......... 18% 58.6M 51s
 16900K .......... .......... .......... .......... .......... 18% 61.2M 50s
 16950K .......... .......... .......... .......... .......... 18% 50.0M 50s
 17000K .......... .......... .......... .......... .......... 18% 67.8M 50s
 17050K .......... .......... .......... .......... .......... 18% 48.1M 50s
 17100K .......... .......... .......... .......... .......... 18% 68.8M 50s
 17150K .......... .......... .......... .......... .......... 18% 60.0M 50s
 17200K .......... .......... .......... .......... .......... 18% 47.0M 49s
 17250K .......... .......... .......... .......... .......... 18% 47.2M 49s
 17300K .......... .......... .......... .......... .......... 18% 58.9M 49s
 17350K .......... .......... .......... .......... .......... 18% 56.3M 49s
 17400K .......... .......... .......... .......... .......... 18% 68.3M 49s
 17450K .......... .......... .......... .......... .......... 18% 49.4M 48s
 17500K .......... .......... .......... .......... .......... 18% 65.2M 48s
 17550K .......... .......... .......... .......... .......... 18% 64.5M 48s
 17600K .......... .......... .......... .......... .......... 19% 67.9M 48s
 17650K .......... .......... .......... .......... .......... 19% 38.9M 48s
 17700K .......... .......... .......... .......... .......... 19% 71.6M 48s
 17750K .......... .......... .......... .......... .......... 19% 61.0M 48s
 17800K .......... .......... .......... .......... .......... 19% 62.2M 47s
 17850K .......... .......... .......... .......... .......... 19% 62.0M 47s
 17900K .......... .......... .......... .......... .......... 19% 59.9M 47s
 17950K .......... .......... .......... .......... .......... 19% 72.3M 47s
 18000K .......... .......... .......... .......... .......... 19% 46.3M 47s
 18050K .......... .......... .......... .......... .......... 19% 46.9M 47s
 18100K .......... .......... .......... .......... .......... 19% 58.6M 46s
 18150K .......... .......... .......... .......... .......... 19% 43.9M 46s
 18200K .......... .......... .......... .......... .......... 19% 65.5M 46s
 18250K .......... .......... .......... .......... .......... 19% 51.5M 46s
 18300K .......... .......... .......... .......... .......... 19% 51.5M 46s
 18350K .......... .......... .......... .......... .......... 19% 50.4M 46s
 18400K .......... .......... .......... .......... .......... 19% 65.1M 45s
 18450K .......... .......... .......... .......... .......... 19% 45.7M 45s
 18500K .......... .......... .......... .......... .......... 19% 43.5M 45s
 18550K .......... .......... .......... .......... .......... 20% 70.4M 45s
 18600K .......... .......... .......... .......... .......... 20% 52.9M 45s
 18650K .......... .......... .......... .......... .......... 20% 47.9M 45s
 18700K .......... .......... .......... .......... .......... 20% 51.6M 45s
 18750K .......... .......... .......... .......... .......... 20% 63.9M 44s
 18800K .......... .......... .......... .......... .......... 20% 43.7M 44s
 18850K .......... .......... .......... .......... .......... 20% 48.0M 44s
 18900K .......... .......... .......... .......... .......... 20% 59.3M 44s
 18950K .......... .......... .......... .......... .......... 20% 58.6M 44s
 19000K .......... .......... .......... .......... .......... 20% 47.6M 44s
 19050K .......... .......... .......... .......... .......... 20% 45.0M 44s
 19100K .......... .......... .......... .......... .......... 20% 51.3M 43s
 19150K .......... .......... .......... .......... .......... 20% 41.9M 43s
 19200K .......... .......... .......... .......... .......... 20% 65.1M 43s
 19250K .......... .......... .......... .......... .......... 20% 38.4M 43s
 19300K .......... .......... .......... .......... .......... 20% 46.5M 43s
 19350K .......... .......... .......... .......... .......... 20% 11.3M 43s
 19400K .......... .......... .......... .......... .......... 20% 21.9M 43s
 19450K .......... .......... .......... .......... .......... 20% 37.8M 43s
 19500K .......... .......... .......... .......... .......... 21% 32.7M 42s
 19550K .......... .......... .......... .......... .......... 21% 25.4M 42s
 19600K .......... .......... .......... .......... .......... 21%  123M 42s
 19650K .......... .......... .......... .......... .......... 21% 47.2M 42s
 19700K .......... .......... .......... .......... .......... 21% 82.4M 42s
 19750K .......... .......... .......... .......... .......... 21% 94.0M 42s
 19800K .......... .......... .......... .......... .......... 21% 82.9M 42s
 19850K .......... .......... .......... .......... .......... 21% 78.2M 41s
 19900K .......... .......... .......... .......... .......... 21% 81.8M 41s
 19950K .......... .......... .......... .......... .......... 21% 85.6M 41s
 20000K .......... .......... .......... .......... .......... 21% 65.1M 41s
 20050K .......... .......... .......... .......... .......... 21% 70.0M 41s
 20100K .......... .......... .......... .......... .......... 21% 89.5M 41s
 20150K .......... .......... .......... .......... .......... 21% 93.7M 41s
 20200K .......... .......... .......... .......... .......... 21% 67.0M 41s
 20250K .......... .......... .......... .......... .......... 21% 89.1M 40s
 20300K .......... .......... .......... .......... .......... 21%  102M 40s
 20350K .......... .......... .......... .......... .......... 21% 83.1M 40s
 20400K .......... .......... .......... .......... .......... 22% 48.2M 40s
 20450K .......... .......... .......... .......... .......... 22% 66.8M 40s
 20500K .......... .......... .......... .......... .......... 22% 63.2M 40s
 20550K .......... .......... .......... .......... .......... 22% 78.3M 40s
 20600K .......... .......... .......... .......... .......... 22% 93.7M 40s
 20650K .......... .......... .......... .......... .......... 22% 61.0M 39s
 20700K .......... .......... .......... .......... .......... 22% 78.5M 39s
 20750K .......... .......... .......... .......... .......... 22% 65.3M 39s
 20800K .......... .......... .......... .......... .......... 22% 94.0M 39s
 20850K .......... .......... .......... .......... .......... 22% 63.4M 39s
 20900K .......... .......... .......... .......... .......... 22% 98.0M 39s
 20950K .......... .......... .......... .......... .......... 22% 74.9M 39s
 21000K .......... .......... .......... .......... .......... 22% 67.5M 39s
 21050K .......... .......... .......... .......... .......... 22% 76.4M 39s
 21100K .......... .......... .......... .......... .......... 22% 56.1K 41s
 21150K .......... .......... .......... .......... .......... 22% 14.3M 41s
 21200K .......... .......... .......... .......... .......... 22% 16.0M 41s
 21250K .......... .......... .......... .......... .......... 22% 17.4M 41s
 21300K .......... .......... .......... .......... .......... 22% 75.5M 41s
 21350K .......... .......... .......... .......... .......... 23% 68.7M 41s
 21400K .......... .......... .......... .......... .......... 23% 39.4M 41s
 21450K .......... .......... .......... .......... .......... 23% 44.1M 41s
 21500K .......... .......... .......... .......... .......... 23%  115M 40s
 21550K .......... .......... .......... .......... .......... 23% 61.0M 40s
 21600K .......... .......... .......... .......... .......... 23% 68.5M 40s
 21650K .......... .......... .......... .......... .......... 23% 52.8M 40s
 21700K .......... .......... .......... .......... .......... 23% 63.4M 40s
 21750K .......... .......... .......... .......... .......... 23% 42.9M 40s
 21800K .......... .......... .......... .......... .......... 23%  104M 40s
 21850K .......... .......... .......... .......... .......... 23% 44.6M 40s
 21900K .......... .......... .......... .......... .......... 23%  105M 40s
 21950K .......... .......... .......... .......... .......... 23% 80.9M 39s
 22000K .......... .......... .......... .......... .......... 23% 67.0M 39s
 22050K .......... .......... .......... .......... .......... 23% 52.6M 39s
 22100K .......... .......... .......... .......... .......... 23% 67.5M 39s
 22150K .......... .......... .......... .......... .......... 23% 66.2M 39s
 22200K .......... .......... .......... .......... .......... 23% 98.5M 39s
 22250K .......... .......... .......... .......... .......... 24% 60.4M 39s
 22300K .......... .......... .......... .......... .......... 24% 79.8M 39s
 22350K .......... .......... .......... .......... .......... 24% 66.7M 39s
 22400K .......... .......... .......... .......... .......... 24% 62.5M 38s
 22450K .......... .......... .......... .......... .......... 24% 74.0M 38s
 22500K .......... .......... .......... .......... .......... 24% 64.8M 38s
 22550K .......... .......... .......... .......... .......... 24% 66.3M 38s
 22600K .......... .......... .......... .......... .......... 24% 96.4M 38s
 22650K .......... .......... .......... .......... .......... 24% 61.4M 38s
 22700K .......... .......... .......... .......... .......... 24% 81.1M 38s
 22750K .......... .......... .......... .......... .......... 24% 64.3M 38s
 22800K .......... .......... .......... .......... .......... 24% 65.0M 38s
 22850K .......... .......... .......... .......... .......... 24% 60.2M 37s
 22900K .......... .......... .......... .......... .......... 24% 61.2M 37s
 22950K .......... .......... .......... .......... .......... 24% 52.7M 37s
 23000K .......... .......... .......... .......... .......... 24% 81.9M 37s
 23050K .......... .......... .......... .......... .......... 24% 67.1M 37s
 23100K .......... .......... .......... .......... .......... 24% 82.7M 37s
 23150K .......... .......... .......... .......... .......... 24% 81.9M 37s
 23200K .......... .......... .......... .......... .......... 25% 91.0M 37s
 23250K .......... .......... .......... .......... .......... 25% 54.1M 37s
 23300K .......... .......... .......... .......... .......... 25%  100M 36s
 23350K .......... .......... .......... .......... .......... 25% 63.9M 36s
 23400K .......... .......... .......... .......... .......... 25% 78.1M 36s
 23450K .......... .......... .......... .......... .......... 25% 90.8M 36s
 23500K .......... .......... .......... .......... .......... 25% 82.3M 36s
 23550K .......... .......... .......... .......... .......... 25% 43.7M 36s
 23600K .......... .......... .......... .......... .......... 25% 99.5M 36s
 23650K .......... .......... .......... .......... .......... 25% 69.6M 36s
 23700K .......... .......... .......... .......... .......... 25% 80.4M 36s
 23750K .......... .......... .......... .......... .......... 25% 54.8M 36s
 23800K .......... .......... .......... .......... .......... 25% 76.6M 35s
 23850K .......... .......... .......... .......... .......... 25% 60.5M 35s
 23900K .......... .......... .......... .......... .......... 25% 75.4M 35s
 23950K .......... .......... .......... .......... .......... 25% 94.6M 35s
 24000K .......... .......... .......... .......... .......... 25% 63.7M 35s
 24050K .......... .......... .......... .......... .......... 25% 57.9M 35s
 24100K .......... .......... .......... .......... .......... 25% 64.4M 35s
 24150K .......... .......... .......... .......... .......... 26% 80.8M 35s
 24200K .......... .......... .......... .......... .......... 26% 54.7M 35s
 24250K .......... .......... .......... .......... .......... 26% 75.5M 35s
 24300K .......... .......... .......... .......... .......... 26% 68.4M 35s
 24350K .......... .......... .......... .......... .......... 26% 65.0M 34s
 24400K .......... .......... .......... .......... .......... 26% 79.6M 34s
 24450K .......... .......... .......... .......... .......... 26% 58.3M 34s
 24500K .......... .......... .......... .......... .......... 26% 68.6M 34s
 24550K .......... .......... .......... .......... .......... 26% 78.3M 34s
 24600K .......... .......... .......... .......... .......... 26% 64.8M 34s
 24650K .......... .......... .......... .......... .......... 26% 60.2M 34s
 24700K .......... .......... .......... .......... .......... 26% 68.1M 34s
 24750K .......... .......... .......... .......... .......... 26% 90.8M 34s
 24800K .......... .......... .......... .......... .......... 26% 49.9M 34s
 24850K .......... .......... .......... .......... .......... 26% 68.1M 34s
 24900K .......... .......... .......... .......... .......... 26% 66.3M 33s
 24950K .......... .......... .......... .......... .......... 26% 89.0M 33s
 25000K .......... .......... .......... .......... .......... 26% 61.9M 33s
 25050K .......... .......... .......... .......... .......... 27% 89.0M 33s
 25100K .......... .......... .......... .......... .......... 27% 65.7M 33s
 25150K .......... .......... .......... .......... .......... 27% 77.2M 33s
 25200K .......... .......... .......... .......... .......... 27% 64.7M 33s
 25250K .......... .......... .......... .......... .......... 27% 54.8M 33s
 25300K .......... .......... .......... .......... .......... 27% 69.6M 33s
 25350K .......... .......... .......... .......... .......... 27% 43.5M 33s
 25400K .......... .......... .......... .......... .......... 27% 77.3M 33s
 25450K .......... .......... .......... .......... .......... 27% 60.1M 32s
 25500K .......... .......... .......... .......... .......... 27% 97.9M 32s
 25550K .......... .......... .......... .......... .......... 27% 62.9M 32s
 25600K .......... .......... .......... .......... .......... 27% 80.1M 32s
 25650K .......... .......... .......... .......... .......... 27% 58.2M 32s
 25700K .......... .......... .......... .......... .......... 27% 80.0M 32s
 25750K .......... .......... .......... .......... .......... 27% 65.6M 32s
 25800K .......... .......... .......... .......... .......... 27% 65.1M 32s
 25850K .......... .......... .......... .......... .......... 27% 49.7M 32s
 25900K .......... .......... .......... .......... .......... 27% 68.8M 32s
 25950K .......... .......... .......... .......... .......... 27% 59.7M 32s
 26000K .......... .......... .......... .......... .......... 28% 74.8M 32s
 26050K .......... .......... .......... .......... .......... 28% 56.9M 31s
 26100K .......... .......... .......... .......... .......... 28% 57.1M 31s
 26150K .......... .......... .......... .......... .......... 28% 81.1M 31s
 26200K .......... .......... .......... .......... .......... 28% 67.8M 31s
 26250K .......... .......... .......... .......... .......... 28% 70.7M 31s
 26300K .......... .......... .......... .......... .......... 28% 71.0M 31s
 26350K .......... .......... .......... .......... .......... 28% 76.0M 31s
 26400K .......... .......... .......... .......... .......... 28%  101M 31s
 26450K .......... .......... .......... .......... .......... 28% 57.4M 31s
 26500K .......... .......... .......... .......... .......... 28% 72.5M 31s
 26550K .......... .......... .......... .......... .......... 28% 75.4M 31s
 26600K .......... .......... .......... .......... .......... 28% 59.6M 31s
 26650K .......... .......... .......... .......... .......... 28% 91.2M 30s
 26700K .......... .......... .......... .......... .......... 28% 65.0M 30s
 26750K .......... .......... .......... .......... .......... 28% 76.7M 30s
 26800K .......... .......... .......... .......... .......... 28% 61.8M 30s
 26850K .......... .......... .......... .......... .......... 28% 75.4M 30s
 26900K .......... .......... .......... .......... .......... 29% 98.9M 30s
 26950K .......... .......... .......... .......... .......... 29% 58.3M 30s
 27000K .......... .......... .......... .......... .......... 29% 85.9M 30s
 27050K .......... .......... .......... .......... .......... 29% 61.3M 30s
 27100K .......... .......... .......... .......... .......... 29%  107M 30s
 27150K .......... .......... .......... .......... .......... 29% 63.6M 30s
 27200K .......... .......... .......... .......... .......... 29% 93.3M 30s
 27250K .......... .......... .......... .......... .......... 29% 54.6M 30s
 27300K .......... .......... .......... .......... .......... 29% 89.3M 29s
 27350K .......... .......... .......... .......... .......... 29% 71.2M 29s
 27400K .......... .......... .......... .......... .......... 29% 72.7M 29s
 27450K .......... .......... .......... .......... .......... 29% 60.5M 29s
 27500K .......... .......... .......... .......... .......... 29% 73.4M 29s
 27550K .......... .......... .......... .......... .......... 29% 53.2M 29s
 27600K .......... .......... .......... .......... .......... 29% 66.5M 29s
 27650K .......... .......... .......... .......... .......... 29% 51.6M 29s
 27700K .......... .......... .......... .......... .......... 29% 71.7M 29s
 27750K .......... .......... .......... .......... .......... 29%  104M 29s
 27800K .......... .......... .......... .......... .......... 29% 66.4M 29s
 27850K .......... .......... .......... .......... .......... 30% 59.9M 29s
 27900K .......... .......... .......... .......... .......... 30% 95.8M 29s
 27950K .......... .......... .......... .......... .......... 30% 62.1M 29s
 28000K .......... .......... .......... .......... .......... 30% 80.8M 28s
 28050K .......... .......... .......... .......... .......... 30% 47.9M 28s
 28100K .......... .......... .......... .......... .......... 30% 78.2M 28s
 28150K .......... .......... .......... .......... .......... 30% 65.4M 28s
 28200K .......... .......... .......... .......... .......... 30% 98.0M 28s
 28250K .......... .......... .......... .......... .......... 30% 59.7M 28s
 28300K .......... .......... .......... .......... .......... 30% 79.7M 28s
 28350K .......... .......... .......... .......... .......... 30% 54.3M 28s
 28400K .......... .......... .......... .......... .......... 30% 63.8M 28s
 28450K .......... .......... .......... .......... .......... 30% 73.0M 28s
 28500K .......... .......... .......... .......... .......... 30% 50.8M 28s
 28550K .......... .......... .......... .......... .......... 30% 92.6M 28s
 28600K .......... .......... .......... .......... .......... 30% 93.1M 28s
 28650K .......... .......... .......... .......... .......... 30% 70.4M 28s
 28700K .......... .......... .......... .......... .......... 30% 68.1M 28s
 28750K .......... .......... .......... .......... .......... 31% 90.7M 27s
 28800K .......... .......... .......... .......... .......... 31% 68.5M 27s
 28850K .......... .......... .......... .......... .......... 31% 60.5M 27s
 28900K .......... .......... .......... .......... .......... 31% 64.8M 27s
 28950K .......... .......... .......... .......... .......... 31%  122M 27s
 29000K .......... .......... .......... .......... .......... 31% 83.2M 27s
 29050K .......... .......... .......... .......... .......... 31% 61.0M 27s
 29100K .......... .......... .......... .......... .......... 31% 80.4M 27s
 29150K .......... .......... .......... .......... .......... 31%  104M 27s
 29200K .......... .......... .......... .......... .......... 31% 61.5M 27s
 29250K .......... .......... .......... .......... .......... 31% 70.1M 27s
 29300K .......... .......... .......... .......... .......... 31% 62.9M 27s
 29350K .......... .......... .......... .......... .......... 31% 94.3M 27s
 29400K .......... .......... .......... .......... .......... 31% 93.6M 27s
 29450K .......... .......... .......... .......... .......... 31% 60.7M 27s
 29500K .......... .......... .......... .......... .......... 31% 87.3M 26s
 29550K .......... .......... .......... .......... .......... 31% 83.8M 26s
 29600K .......... .......... .......... .......... .......... 31% 63.4M 26s
 29650K .......... .......... .......... .......... .......... 31% 55.3M 26s
 29700K .......... .......... .......... .......... .......... 32% 93.3M 26s
 29750K .......... .......... .......... .......... .......... 32% 90.0M 26s
 29800K .......... .......... .......... .......... .......... 32% 63.1M 26s
 29850K .......... .......... .......... .......... .......... 32% 78.8M 26s
 29900K .......... .......... .......... .......... .......... 32% 94.3M 26s
 29950K .......... .......... .......... .......... .......... 32% 68.6M 26s
 30000K .......... .......... .......... .......... .......... 32% 79.2M 26s
 30050K .......... .......... .......... .......... .......... 32% 46.9M 26s
 30100K .......... .......... .......... .......... .......... 32% 68.0M 26s
 30150K .......... .......... .......... .......... .......... 32% 62.4M 26s
 30200K .......... .......... .......... .......... .......... 32% 98.2M 26s
 30250K .......... .......... .......... .......... .......... 32% 72.0M 26s
 30300K .......... .......... .......... .......... .......... 32% 64.0M 25s
 30350K .......... .......... .......... .......... .......... 32%  100M 25s
 30400K .......... .......... .......... .......... .......... 32% 80.2M 25s
 30450K .......... .......... .......... .......... .......... 32% 61.6M 25s
 30500K .......... .......... .......... .......... .......... 32% 61.6M 25s
 30550K .......... .......... .......... .......... .......... 32% 66.6M 25s
 30600K .......... .......... .......... .......... .......... 32% 81.8M 25s
 30650K .......... .......... .......... .......... .......... 33% 91.7M 25s
 30700K .......... .......... .......... .......... .......... 33% 76.8M 25s
 30750K .......... .......... .......... .......... .......... 33% 65.1M 25s
 30800K .......... .......... .......... .......... .......... 33% 99.6M 25s
 30850K .......... .......... .......... .......... .......... 33% 56.3M 25s
 30900K .......... .......... .......... .......... .......... 33% 95.3M 25s
 30950K .......... .......... .......... .......... .......... 33% 78.7M 25s
 31000K .......... .......... .......... .......... .......... 33% 72.6M 25s
 31050K .......... .......... .......... .......... .......... 33% 71.2M 25s
 31100K .......... .......... .......... .......... .......... 33% 92.3M 25s
 31150K .......... .......... .......... .......... .......... 33% 66.4M 24s
 31200K .......... .......... .......... .......... .......... 33% 66.7M 24s
 31250K .......... .......... .......... .......... .......... 33% 45.6M 24s
 31300K .......... .......... .......... .......... .......... 33% 66.7M 24s
 31350K .......... .......... .......... .......... .......... 33% 65.1M 24s
 31400K .......... .......... .......... .......... .......... 33% 65.2M 24s
 31450K .......... .......... .......... .......... .......... 33% 61.2M 24s
 31500K .......... .......... .......... .......... .......... 33% 50.9M 24s
 31550K .......... .......... .......... .......... .......... 34% 67.8M 24s
 31600K .......... .......... .......... .......... .......... 34% 50.3M 24s
 31650K .......... .......... .......... .......... .......... 34% 59.2M 24s
 31700K .......... .......... .......... .......... .......... 34% 59.3M 24s
 31750K .......... .......... .......... .......... .......... 34% 52.6M 24s
 31800K .......... .......... .......... .......... .......... 34% 66.8M 24s
 31850K .......... .......... .......... .......... .......... 34% 60.2M 24s
 31900K .......... .......... .......... .......... .......... 34% 65.1M 24s
 31950K .......... .......... .......... .......... .......... 34% 53.1M 24s
 32000K .......... .......... .......... .......... .......... 34% 65.0M 23s
 32050K .......... .......... .......... .......... .......... 34% 59.5M 23s
 32100K .......... .......... .......... .......... .......... 34% 60.6M 23s
 32150K .......... .......... .......... .......... .......... 34% 65.8M 23s
 32200K .......... .......... .......... .......... .......... 34% 53.9M 23s
 32250K .......... .......... .......... .......... .......... 34% 86.1M 23s
 32300K .......... .......... .......... .......... .......... 34% 80.8M 23s
 32350K .......... .......... .......... .......... .......... 34% 45.0M 23s
 32400K .......... .......... .......... .......... .......... 34% 47.3M 23s
 32450K .......... .......... .......... .......... .......... 34% 54.9M 23s
 32500K .......... .......... .......... .......... .......... 35% 53.2M 23s
 32550K .......... .......... .......... .......... .......... 35% 55.4M 23s
 32600K .......... .......... .......... .......... .......... 35% 49.0M 23s
 32650K .......... .......... .......... .......... .......... 35% 62.6M 23s
 32700K .......... .......... .......... .......... .......... 35% 53.7M 23s
 32750K .......... .......... .......... .......... .......... 35% 68.5M 23s
 32800K .......... .......... .......... .......... .......... 35% 50.8M 23s
 32850K .......... .......... .......... .......... .......... 35% 48.6M 23s
 32900K .......... .......... .......... .......... .......... 35% 51.8M 23s
 32950K .......... .......... .......... .......... .......... 35% 63.8M 22s
 33000K .......... .......... .......... .......... .......... 35% 64.3M 22s
 33050K .......... .......... .......... .......... .......... 35% 60.7M 22s
 33100K .......... .......... .......... .......... .......... 35% 69.1M 22s
 33150K .......... .......... .......... .......... .......... 35% 64.8M 22s
 33200K .......... .......... .......... .......... .......... 35% 66.5M 22s
 33250K .......... .......... .......... .......... .......... 35% 45.7M 22s
 33300K .......... .......... .......... .......... .......... 35% 55.8K 24s
 33350K .......... .......... .......... .......... .......... 35% 15.8M 24s
 33400K .......... .......... .......... .......... .......... 36% 18.4M 24s
 33450K .......... .......... .......... .......... .......... 36% 67.5M 24s
 33500K .......... .......... .......... .......... .......... 36% 32.6M 24s
 33550K .......... .......... .......... .......... .......... 36% 43.7M 23s
 33600K .......... .......... .......... .......... .......... 36% 55.5M 23s
 33650K .......... .......... .......... .......... .......... 36% 45.3M 23s
 33700K .......... .......... .......... .......... .......... 36% 44.7M 23s
 33750K .......... .......... .......... .......... .......... 36% 66.7M 23s
 33800K .......... .......... .......... .......... .......... 36% 50.9M 23s
 33850K .......... .......... .......... .......... .......... 36% 67.4M 23s
 33900K .......... .......... .......... .......... .......... 36% 47.0M 23s
 33950K .......... .......... .......... .......... .......... 36% 70.0M 23s
 34000K .......... .......... .......... .......... .......... 36% 52.4M 23s
 34050K .......... .......... .......... .......... .......... 36% 39.2M 23s
 34100K .......... .......... .......... .......... .......... 36% 63.8M 23s
 34150K .......... .......... .......... .......... .......... 36% 45.4M 23s
 34200K .......... .......... .......... .......... .......... 36% 60.6M 23s
 34250K .......... .......... .......... .......... .......... 36% 41.4M 23s
 34300K .......... .......... .......... .......... .......... 36% 70.6M 23s
 34350K .......... .......... .......... .......... .......... 37% 49.5M 23s
 34400K .......... .......... .......... .......... .......... 37% 71.0M 23s
 34450K .......... .......... .......... .......... .......... 37% 45.2M 23s
 34500K .......... .......... .......... .......... .......... 37% 52.6M 22s
 34550K .......... .......... .......... .......... .......... 37% 65.3M 22s
 34600K .......... .......... .......... .......... .......... 37% 52.2M 22s
 34650K .......... .......... .......... .......... .......... 37% 48.7M 22s
 34700K .......... .......... .......... .......... .......... 37% 50.8M 22s
 34750K .......... .......... .......... .......... .......... 37% 60.9M 22s
 34800K .......... .......... .......... .......... .......... 37% 67.1M 22s
 34850K .......... .......... .......... .......... .......... 37% 59.0M 22s
 34900K .......... .......... .......... .......... .......... 37% 64.2M 22s
 34950K .......... .......... .......... .......... .......... 37% 61.9M 22s
 35000K .......... .......... .......... .......... .......... 37% 65.0M 22s
 35050K .......... .......... .......... .......... .......... 37% 61.4M 22s
 35100K .......... .......... .......... .......... .......... 37% 63.7M 22s
 35150K .......... .......... .......... .......... .......... 37% 64.9M 22s
 35200K .......... .......... .......... .......... .......... 37% 64.8M 22s
 35250K .......... .......... .......... .......... .......... 38% 51.2M 22s
 35300K .......... .......... .......... .......... .......... 38% 65.6M 22s
 35350K .......... .......... .......... .......... .......... 38% 65.1M 22s
 35400K .......... .......... .......... .......... .......... 38% 65.5M 22s
 35450K .......... .......... .......... .......... .......... 38% 56.2M 22s
 35500K .......... .......... .......... .......... .......... 38% 68.5M 22s
 35550K .......... .......... .......... .......... .......... 38% 63.2M 21s
 35600K .......... .......... .......... .......... .......... 38% 65.7M 21s
 35650K .......... .......... .......... .......... .......... 38% 57.3M 21s
 35700K .......... .......... .......... .......... .......... 38% 81.9M 21s
 35750K .......... .......... .......... .......... .......... 38% 44.4M 21s
 35800K .......... .......... .......... .......... .......... 38% 65.1M 21s
 35850K .......... .......... .......... .......... .......... 38% 60.5M 21s
 35900K .......... .......... .......... .......... .......... 38% 63.9M 21s
 35950K .......... .......... .......... .......... .......... 38% 63.9M 21s
 36000K .......... .......... .......... .......... .......... 38% 64.9M 21s
 36050K .......... .......... .......... .......... .......... 38% 43.6M 21s
 36100K .......... .......... .......... .......... .......... 38% 64.2M 21s
 36150K .......... .......... .......... .......... .......... 38% 62.8M 21s
 36200K .......... .......... .......... .......... .......... 39% 65.6M 21s
 36250K .......... .......... .......... .......... .......... 39% 61.9M 21s
 36300K .......... .......... .......... .......... .......... 39% 42.3M 21s
 36350K .......... .......... .......... .......... .......... 39% 79.2M 21s
 36400K .......... .......... .......... .......... .......... 39% 66.8M 21s
 36450K .......... .......... .......... .......... .......... 39% 57.0M 21s
 36500K .......... .......... .......... .......... .......... 39% 64.4M 21s
 36550K .......... .......... .......... .......... .......... 39% 80.9M 21s
 36600K .......... .......... .......... .......... .......... 39% 64.7M 20s
 36650K .......... .......... .......... .......... .......... 39% 57.7M 20s
 36700K .......... .......... .......... .......... .......... 39% 72.6M 20s
 36750K .......... .......... .......... .......... .......... 39% 50.4M 20s
 36800K .......... .......... .......... .......... .......... 39% 69.9M 20s
 36850K .......... .......... .......... .......... .......... 39% 51.9M 20s
 36900K .......... .......... .......... .......... .......... 39% 68.1M 20s
 36950K .......... .......... .......... .......... .......... 39% 64.8M 20s
 37000K .......... .......... .......... .......... .......... 39% 79.7M 20s
 37050K .......... .......... .......... .......... .......... 39% 61.5M 20s
 37100K .......... .......... .......... .......... .......... 39% 62.9M 20s
 37150K .......... .......... .......... .......... .......... 40% 64.1M 20s
 37200K .......... .......... .......... .......... .......... 40% 98.3M 20s
 37250K .......... .......... .......... .......... .......... 40% 53.0M 20s
 37300K .......... .......... .......... .......... .......... 40% 53.3M 20s
 37350K .......... .......... .......... .......... .......... 40% 62.7M 20s
 37400K .......... .......... .......... .......... .......... 40% 66.5M 20s
 37450K .......... .......... .......... .......... .......... 40% 61.9M 20s
 37500K .......... .......... .......... .......... .......... 40% 64.3M 20s
 37550K .......... .......... .......... .......... .......... 40% 49.4M 20s
 37600K .......... .......... .......... .......... .......... 40% 84.1M 20s
 37650K .......... .......... .......... .......... .......... 40% 49.4M 20s
 37700K .......... .......... .......... .......... .......... 40% 52.4M 20s
 37750K .......... .......... .......... .......... .......... 40% 51.0M 19s
 37800K .......... .......... .......... .......... .......... 40% 42.8M 19s
 37850K .......... .......... .......... .......... .......... 40% 47.6M 19s
 37900K .......... .......... .......... .......... .......... 40% 48.3M 19s
 37950K .......... .......... .......... .......... .......... 40% 56.7M 19s
 38000K .......... .......... .......... .......... .......... 40% 64.4M 19s
 38050K .......... .......... .......... .......... .......... 41% 44.9M 19s
 38100K .......... .......... .......... .......... .......... 41% 49.6M 19s
 38150K .......... .......... .......... .......... .......... 41% 54.3M 19s
 38200K .......... .......... .......... .......... .......... 41% 68.5M 19s
 38250K .......... .......... .......... .......... .......... 41% 58.7M 19s
 38300K .......... .......... .......... .......... .......... 41% 59.4M 19s
 38350K .......... .......... .......... .......... .......... 41% 65.6M 19s
 38400K .......... .......... .......... .......... .......... 41% 64.3M 19s
 38450K .......... .......... .......... .......... .......... 41% 59.1M 19s
 38500K .......... .......... .......... .......... .......... 41% 62.5M 19s
 38550K .......... .......... .......... .......... .......... 41% 66.5M 19s
 38600K .......... .......... .......... .......... .......... 41% 62.2M 19s
 38650K .......... .......... .......... .......... .......... 41% 51.6M 19s
 38700K .......... .......... .......... .......... .......... 41% 50.2M 19s
 38750K .......... .......... .......... .......... .......... 41% 59.7M 19s
 38800K .......... .......... .......... .......... .......... 41% 52.8M 19s
 38850K .......... .......... .......... .......... .......... 41% 55.8M 19s
 38900K .......... .......... .......... .......... .......... 41% 59.0M 19s
 38950K .......... .......... .......... .......... .......... 41% 56.4M 19s
 39000K .......... .......... .......... .......... .......... 42% 62.7M 18s
 39050K .......... .......... .......... .......... .......... 42% 48.7M 18s
 39100K .......... .......... .......... .......... .......... 42% 66.4M 18s
 39150K .......... .......... .......... .......... .......... 42% 51.3M 18s
 39200K .......... .......... .......... .......... .......... 42% 49.9M 18s
 39250K .......... .......... .......... .......... .......... 42% 46.2M 18s
 39300K .......... .......... .......... .......... .......... 42% 61.8M 18s
 39350K .......... .......... .......... .......... .......... 42% 54.1M 18s
 39400K .......... .......... .......... .......... .......... 42% 61.9M 18s
 39450K .......... .......... .......... .......... .......... 42% 64.5M 18s
 39500K .......... .......... .......... .......... .......... 42% 64.6M 18s
 39550K .......... .......... .......... .......... .......... 42% 54.6M 18s
 39600K .......... .......... .......... .......... .......... 42% 53.7M 18s
 39650K .......... .......... .......... .......... .......... 42% 55.2M 18s
 39700K .......... .......... .......... .......... .......... 42% 54.8M 18s
 39750K .......... .......... .......... .......... .......... 42% 37.7M 18s
 39800K .......... .......... .......... .......... .......... 42% 65.2M 18s
 39850K .......... .......... .......... .......... .......... 42% 61.2M 18s
 39900K .......... .......... .......... .......... .......... 43% 82.4M 18s
 39950K .......... .......... .......... .......... .......... 43% 75.4M 18s
 40000K .......... .......... .......... .......... .......... 43% 70.3M 18s
 40050K .......... .......... .......... .......... .......... 43% 54.8M 18s
 40100K .......... .......... .......... .......... .......... 43% 68.2M 18s
 40150K .......... .......... .......... .......... .......... 43% 63.6M 18s
 40200K .......... .......... .......... .......... .......... 43% 65.5M 18s
 40250K .......... .......... .......... .......... .......... 43% 72.9M 18s
 40300K .......... .......... .......... .......... .......... 43% 65.1M 17s
 40350K .......... .......... .......... .......... .......... 43% 66.4M 17s
 40400K .......... .......... .......... .......... .......... 43% 83.4M 17s
 40450K .......... .......... .......... .......... .......... 43% 60.4M 17s
 40500K .......... .......... .......... .......... .......... 43% 72.7M 17s
 40550K .......... .......... .......... .......... .......... 43% 52.9M 17s
 40600K .......... .......... .......... .......... .......... 43% 83.7M 17s
 40650K .......... .......... .......... .......... .......... 43% 63.5M 17s
 40700K .......... .......... .......... .......... .......... 43% 51.4M 17s
 40750K .......... .......... .......... .......... .......... 43% 15.9M 17s
 40800K .......... .......... .......... .......... .......... 43% 52.6M 17s
 40850K .......... .......... .......... .......... .......... 44% 24.9M 17s
 40900K .......... .......... .......... .......... .......... 44% 42.5M 17s
 40950K .......... .......... .......... .......... .......... 44% 37.1M 17s
 41000K .......... .......... .......... .......... .......... 44% 44.1M 17s
 41050K .......... .......... .......... .......... .......... 44% 16.5M 17s
 41100K .......... .......... .......... .......... .......... 44% 83.3M 17s
 41150K .......... .......... .......... .......... .......... 44% 86.3M 17s
 41200K .......... .......... .......... .......... .......... 44% 84.0M 17s
 41250K .......... .......... .......... .......... .......... 44% 71.7M 17s
 41300K .......... .......... .......... .......... .......... 44% 86.2M 17s
 41350K .......... .......... .......... .......... .......... 44% 68.6M 17s
 41400K .......... .......... .......... .......... .......... 44% 60.9M 17s
 41450K .......... .......... .......... .......... .......... 44% 79.1M 17s
 41500K .......... .......... .......... .......... .......... 44% 74.2M 17s
 41550K .......... .......... .......... .......... .......... 44% 77.1M 17s
 41600K .......... .......... .......... .......... .......... 44%  121M 17s
 41650K .......... .......... .......... .......... .......... 44% 57.0M 17s
 41700K .......... .......... .......... .......... .......... 44% 80.7M 16s
 41750K .......... .......... .......... .......... .......... 44% 86.0M 16s
 41800K .......... .......... .......... .......... .......... 45% 86.2M 16s
 41850K .......... .......... .......... .......... .......... 45% 79.3M 16s
 41900K .......... .......... .......... .......... .......... 45% 85.6M 16s
 41950K .......... .......... .......... .......... .......... 45% 71.5M 16s
 42000K .......... .......... .......... .......... .......... 45% 82.2M 16s
 42050K .......... .......... .......... .......... .......... 45% 69.1M 16s
 42100K .......... .......... .......... .......... .......... 45% 86.8M 16s
 42150K .......... .......... .......... .......... .......... 45% 80.6M 16s
 42200K .......... .......... .......... .......... .......... 45% 89.4M 16s
 42250K .......... .......... .......... .......... .......... 45% 75.1M 16s
 42300K .......... .......... .......... .......... .......... 45% 66.9M 16s
 42350K .......... .......... .......... .......... .......... 45% 65.3M 16s
 42400K .......... .......... .......... .......... .......... 45% 84.1M 16s
 42450K .......... .......... .......... .......... .......... 45% 70.2M 16s
 42500K .......... .......... .......... .......... .......... 45% 86.4M 16s
 42550K .......... .......... .......... .......... .......... 45% 87.5M 16s
 42600K .......... .......... .......... .......... .......... 45% 86.4M 16s
 42650K .......... .......... .......... .......... .......... 45% 77.1M 16s
 42700K .......... .......... .......... .......... .......... 46% 89.1M 16s
 42750K .......... .......... .......... .......... .......... 46% 65.5M 16s
 42800K .......... .......... .......... .......... .......... 46% 98.6M 16s
 42850K .......... .......... .......... .......... .......... 46% 65.5M 16s
 42900K .......... .......... .......... .......... .......... 46% 85.8M 16s
 42950K .......... .......... .......... .......... .......... 46% 85.6M 16s
 43000K .......... .......... .......... .......... .......... 46% 86.1M 16s
 43050K .......... .......... .......... .......... .......... 46% 80.3M 16s
 43100K .......... .......... .......... .......... .......... 46% 50.9M 16s
 43150K .......... .......... .......... .......... .......... 46% 65.2M 15s
 43200K .......... .......... .......... .......... .......... 46% 82.1M 15s
 43250K .......... .......... .......... .......... .......... 46% 67.9M 15s
 43300K .......... .......... .......... .......... .......... 46% 68.5M 15s
 43350K .......... .......... .......... .......... .......... 46%  117M 15s
 43400K .......... .......... .......... .......... .......... 46% 68.0M 15s
 43450K .......... .......... .......... .......... .......... 46% 75.5M 15s
 43500K .......... .......... .......... .......... .......... 46% 84.9M 15s
 43550K .......... .......... .......... .......... .......... 46% 91.6M 15s
 43600K .......... .......... .......... .......... .......... 46% 80.4M 15s
 43650K .......... .......... .......... .......... .......... 47% 65.6M 15s
 43700K .......... .......... .......... .......... .......... 47% 69.9M 15s
 43750K .......... .......... .......... .......... .......... 47% 72.6M 15s
 43800K .......... .......... .......... .......... .......... 47% 80.6M 15s
 43850K .......... .......... .......... .......... .......... 47% 77.9M 15s
 43900K .......... .......... .......... .......... .......... 47% 81.6M 15s
 43950K .......... .......... .......... .......... .......... 47% 83.8M 15s
 44000K .......... .......... .......... .......... .......... 47% 84.6M 15s
 44050K .......... .......... .......... .......... .......... 47% 70.8M 15s
 44100K .......... .......... .......... .......... .......... 47% 85.1M 15s
 44150K .......... .......... .......... .......... .......... 47% 64.4M 15s
 44200K .......... .......... .......... .......... .......... 47% 75.7M 15s
 44250K .......... .......... .......... .......... .......... 47% 90.1M 15s
 44300K .......... .......... .......... .......... .......... 47% 87.8M 15s
 44350K .......... .......... .......... .......... .......... 47% 65.8M 15s
 44400K .......... .......... .......... .......... .......... 47% 82.3M 15s
 44450K .......... .......... .......... .......... .......... 47% 70.0M 15s
 44500K .......... .......... .......... .......... .......... 47% 88.5M 15s
 44550K .......... .......... .......... .......... .......... 48% 84.2M 15s
 44600K .......... .......... .......... .......... .......... 48% 85.8M 15s
 44650K .......... .......... .......... .......... .......... 48% 75.9M 15s
 44700K .......... .......... .......... .......... .......... 48% 71.1M 15s
 44750K .......... .......... .......... .......... .......... 48% 59.6M 14s
 44800K .......... .......... .......... .......... .......... 48% 65.4M 14s
 44850K .......... .......... .......... .......... .......... 48% 49.0M 14s
 44900K .......... .......... .......... .......... .......... 48% 96.1M 14s
 44950K .......... .......... .......... .......... .......... 48% 80.3M 14s
 45000K .......... .......... .......... .......... .......... 48% 86.9K 15s
 45050K .......... .......... .......... .......... .......... 48% 52.8M 15s
 45100K .......... .......... .......... .......... .......... 48% 73.1M 15s
 45150K .......... .......... .......... .......... .......... 48% 73.8M 15s
 45200K .......... .......... .......... .......... .......... 48% 96.7M 15s
 45250K .......... .......... .......... .......... .......... 48% 57.1M 15s
 45300K .......... .......... .......... .......... .......... 48% 86.1M 15s
 45350K .......... .......... .......... .......... .......... 48% 85.0M 15s
 45400K .......... .......... .......... .......... .......... 48% 68.1M 15s
 45450K .......... .......... .......... .......... .......... 48% 75.7M 15s
 45500K .......... .......... .......... .......... .......... 49% 78.0M 15s
 45550K .......... .......... .......... .......... .......... 49% 70.6M 15s
 45600K .......... .......... .......... .......... .......... 49% 86.3M 15s
 45650K .......... .......... .......... .......... .......... 49% 59.2M 15s
 45700K .......... .......... .......... .......... .......... 49% 67.4M 14s
 45750K .......... .......... .......... .......... .......... 49% 89.7M 14s
 45800K .......... .......... .......... .......... .......... 49% 74.2M 14s
 45850K .......... .......... .......... .......... .......... 49% 81.6M 14s
 45900K .......... .......... .......... .......... .......... 49% 76.4M 14s
 45950K .......... .......... .......... .......... .......... 49% 69.3M 14s
 46000K .......... .......... .......... .......... .......... 49% 68.5M 14s
 46050K .......... .......... .......... .......... .......... 49% 68.3M 14s
 46100K .......... .......... .......... .......... .......... 49% 85.1M 14s
 46150K .......... .......... .......... .......... .......... 49% 65.4M 14s
 46200K .......... .......... .......... .......... .......... 49% 89.9M 14s
 46250K .......... .......... .......... .......... .......... 49% 63.8M 14s
 46300K .......... .......... .......... .......... .......... 49% 79.9M 14s
 46350K .......... .......... .......... .......... .......... 49% 71.6M 14s
 46400K .......... .......... .......... .......... .......... 50% 78.7M 14s
 46450K .......... .......... .......... .......... .......... 50% 57.7M 14s
 46500K .......... .......... .......... .......... .......... 50% 87.0M 14s
 46550K .......... .......... .......... .......... .......... 50% 84.7M 14s
 46600K .......... .......... .......... .......... .......... 50% 63.2M 14s
 46650K .......... .......... .......... .......... .......... 50% 83.4M 14s
 46700K .......... .......... .......... .......... .......... 50% 70.8M 14s
 46750K .......... .......... .......... .......... .......... 50% 78.9M 14s
 46800K .......... .......... .......... .......... .......... 50% 82.8M 14s
 46850K .......... .......... .......... .......... .......... 50% 59.9M 14s
 46900K .......... .......... .......... .......... .......... 50% 67.7M 14s
 46950K .......... .......... .......... .......... .......... 50% 63.6M 14s
 47000K .......... .......... .......... .......... .......... 50% 81.9M 14s
 47050K .......... .......... .......... .......... .......... 50% 75.7M 14s
 47100K .......... .......... .......... .......... .......... 50% 69.2M 14s
 47150K .......... .......... .......... .......... .......... 50% 82.2M 14s
 47200K .......... .......... .......... .......... .......... 50% 87.0M 14s
 47250K .......... .......... .......... .......... .......... 50% 68.1M 14s
 47300K .......... .......... .......... .......... .......... 50% 68.3M 14s
 47350K .......... .......... .......... .......... .......... 51% 80.6M 14s
 47400K .......... .......... .......... .......... .......... 51% 84.9M 13s
 47450K .......... .......... .......... .......... .......... 51% 66.5M 13s
 47500K .......... .......... .......... .......... .......... 51% 80.6M 13s
 47550K .......... .......... .......... .......... .......... 51% 83.3M 13s
 47600K .......... .......... .......... .......... .......... 51% 81.8M 13s
 47650K .......... .......... .......... .......... .......... 51% 47.1M 13s
 47700K .......... .......... .......... .......... .......... 51% 88.4M 13s
 47750K .......... .......... .......... .......... .......... 51% 82.4M 13s
 47800K .......... .......... .......... .......... .......... 51% 68.5M 13s
 47850K .......... .......... .......... .......... .......... 51% 75.7M 13s
 47900K .......... .......... .......... .......... .......... 51% 87.3M 13s
 47950K .......... .......... .......... .......... .......... 51% 74.7M 13s
 48000K .......... .......... .......... .......... .......... 51% 73.5M 13s
 48050K .......... .......... .......... .......... .......... 51% 70.7M 13s
 48100K .......... .......... .......... .......... .......... 51% 67.6M 13s
 48150K .......... .......... .......... .......... .......... 51% 73.5M 13s
 48200K .......... .......... .......... .......... .......... 51% 86.0M 13s
 48250K .......... .......... .......... .......... .......... 51% 75.2M 13s
 48300K .......... .......... .......... .......... .......... 52% 91.0M 13s
 48350K .......... .......... .......... .......... .......... 52% 86.7M 13s
 48400K .......... .......... .......... .......... .......... 52% 84.4M 13s
 48450K .......... .......... .......... .......... .......... 52% 63.3M 13s
 48500K .......... .......... .......... .......... .......... 52% 71.8M 13s
 48550K .......... .......... .......... .......... .......... 52% 85.1M 13s
 48600K .......... .......... .......... .......... .......... 52% 83.0M 13s
 48650K .......... .......... .......... .......... .......... 52% 67.5M 13s
 48700K .......... .......... .......... .......... .......... 52% 56.5M 13s
 48750K .......... .......... .......... .......... .......... 52% 87.4M 13s
 48800K .......... .......... .......... .......... .......... 52% 82.2M 13s
 48850K .......... .......... .......... .......... .......... 52% 67.5M 13s
 48900K .......... .......... .......... .......... .......... 52% 64.8M 13s
 48950K .......... .......... .......... .......... .......... 52% 86.7M 13s
 49000K .......... .......... .......... .......... .......... 52% 84.7M 13s
 49050K .......... .......... .......... .......... .......... 52% 76.5M 13s
 49100K .......... .......... .......... .......... .......... 52% 90.8M 13s
 49150K .......... .......... .......... .......... .......... 52% 67.2M 13s
 49200K .......... .......... .......... .......... .......... 53% 81.7M 13s
 49250K .......... .......... .......... .......... .......... 53% 54.8M 12s
 49300K .......... .......... .......... .......... .......... 53% 85.8M 12s
 49350K .......... .......... .......... .......... .......... 53% 67.4M 12s
 49400K .......... .......... .......... .......... .......... 53% 86.0M 12s
 49450K .......... .......... .......... .......... .......... 53% 79.9M 12s
 49500K .......... .......... .......... .......... .......... 53% 85.0M 12s
 49550K .......... .......... .......... .......... .......... 53% 58.7M 12s
 49600K .......... .......... .......... .......... .......... 53% 90.8M 12s
 49650K .......... .......... .......... .......... .......... 53% 58.8M 12s
 49700K .......... .......... .......... .......... .......... 53% 83.1M 12s
 49750K .......... .......... .......... .......... .......... 53% 74.9M 12s
 49800K .......... .......... .......... .......... .......... 53% 77.1M 12s
 49850K .......... .......... .......... .......... .......... 53% 77.8M 12s
 49900K .......... .......... .......... .......... .......... 53% 83.3M 12s
 49950K .......... .......... .......... .......... .......... 53% 74.6M 12s
 50000K .......... .......... .......... .......... .......... 53% 81.6M 12s
 50050K .......... .......... .......... .......... .......... 53% 53.1M 12s
 50100K .......... .......... .......... .......... .......... 53% 87.7M 12s
 50150K .......... .......... .......... .......... .......... 54% 74.0M 12s
 50200K .......... .......... .......... .......... .......... 54% 76.6M 12s
 50250K .......... .......... .......... .......... .......... 54% 64.2M 12s
 50300K .......... .......... .......... .......... .......... 54% 67.0M 12s
 50350K .......... .......... .......... .......... .......... 54% 78.8M 12s
 50400K .......... .......... .......... .......... .......... 54% 93.1M 12s
 50450K .......... .......... .......... .......... .......... 54% 58.7M 12s
 50500K .......... .......... .......... .......... .......... 54% 83.1M 12s
 50550K .......... .......... .......... .......... .......... 54% 86.1M 12s
 50600K .......... .......... .......... .......... .......... 54% 67.5M 12s
 50650K .......... .......... .......... .......... .......... 54% 62.3M 12s
 50700K .......... .......... .......... .......... .......... 54% 83.4M 12s
 50750K .......... .......... .......... .......... .......... 54% 87.7M 12s
 50800K .......... .......... .......... .......... .......... 54% 68.3M 12s
 50850K .......... .......... .......... .......... .......... 54% 67.5M 12s
 50900K .......... .......... .......... .......... .......... 54% 84.3M 12s
 50950K .......... .......... .......... .......... .......... 54% 58.4M 12s
 51000K .......... .......... .......... .......... .......... 54%  109M 12s
 51050K .......... .......... .......... .......... .......... 55% 66.5M 12s
 51100K .......... .......... .......... .......... .......... 55% 77.3M 12s
 51150K .......... .......... .......... .......... .......... 55% 89.9M 12s
 51200K .......... .......... .......... .......... .......... 55% 79.4M 11s
 51250K .......... .......... .......... .......... .......... 55% 61.3M 11s
 51300K .......... .......... .......... .......... .......... 55% 88.3M 11s
 51350K .......... .......... .......... .......... .......... 55% 80.2M 11s
 51400K .......... .......... .......... .......... .......... 55% 67.1M 11s
 51450K .......... .......... .......... .......... .......... 55% 76.9M 11s
 51500K .......... .......... .......... .......... .......... 55% 69.6M 11s
 51550K .......... .......... .......... .......... .......... 55% 39.8M 11s
 51600K .......... .......... .......... .......... .......... 55% 64.7M 11s
 51650K .......... .......... .......... .......... .......... 55% 54.3M 11s
 51700K .......... .......... .......... .......... .......... 55% 67.2M 11s
 51750K .......... .......... .......... .......... .......... 55% 69.9M 11s
 51800K .......... .......... .......... .......... .......... 55% 60.4M 11s
 51850K .......... .......... .......... .......... .......... 55% 77.5M 11s
 51900K .......... .......... .......... .......... .......... 55% 66.4M 11s
 51950K .......... .......... .......... .......... .......... 55% 66.8M 11s
 52000K .......... .......... .......... .......... .......... 56% 59.6M 11s
 52050K .......... .......... .......... .......... .......... 56% 58.2M 11s
 52100K .......... .......... .......... .......... .......... 56% 84.8M 11s
 52150K .......... .......... .......... .......... .......... 56% 60.4M 11s
 52200K .......... .......... .......... .......... .......... 56% 74.7M 11s
 52250K .......... .......... .......... .......... .......... 56% 57.7M 11s
 52300K .......... .......... .......... .......... .......... 56% 86.4M 11s
 52350K .......... .......... .......... .......... .......... 56% 65.6M 11s
 52400K .......... .......... .......... .......... .......... 56% 65.1M 11s
 52450K .......... .......... .......... .......... .......... 56% 58.2M 11s
 52500K .......... .......... .......... .......... .......... 56% 61.1M 11s
 52550K .......... .......... .......... .......... .......... 56% 18.1M 11s
 52600K .......... .......... .......... .......... .......... 56% 50.9M 11s
 52650K .......... .......... .......... .......... .......... 56% 87.9M 11s
 52700K .......... .......... .......... .......... .......... 56% 81.7M 11s
 52750K .......... .......... .......... .......... .......... 56% 67.5M 11s
 52800K .......... .......... .......... .......... .......... 56% 81.0M 11s
 52850K .......... .......... .......... .......... .......... 56% 70.9M 11s
 52900K .......... .......... .......... .......... .......... 57% 67.1M 11s
 52950K .......... .......... .......... .......... .......... 57% 81.6M 11s
 53000K .......... .......... .......... .......... .......... 57% 78.1M 11s
 53050K .......... .......... .......... .......... .......... 57% 52.3M 11s
 53100K .......... .......... .......... .......... .......... 57% 83.0M 11s
 53150K .......... .......... .......... .......... .......... 57% 90.3M 11s
 53200K .......... .......... .......... .......... .......... 57% 83.3M 11s
 53250K .......... .......... .......... .......... .......... 57% 57.6M 11s
 53300K .......... .......... .......... .......... .......... 57% 70.0M 11s
 53350K .......... .......... .......... .......... .......... 57% 62.7M 10s
 53400K .......... .......... .......... .......... .......... 57% 88.1M 10s
 53450K .......... .......... .......... .......... .......... 57% 77.8M 10s
 53500K .......... .......... .......... .......... .......... 57% 67.0M 10s
 53550K .......... .......... .......... .......... .......... 57% 83.8M 10s
 53600K .......... .......... .......... .......... .......... 57% 68.1M 10s
 53650K .......... .......... .......... .......... .......... 57% 69.4M 10s
 53700K .......... .......... .......... .......... .......... 57% 65.7M 10s
 53750K .......... .......... .......... .......... .......... 57% 70.7M 10s
 53800K .......... .......... .......... .......... .......... 57% 84.3M 10s
 53850K .......... .......... .......... .......... .......... 58% 62.1M 10s
 53900K .......... .......... .......... .......... .......... 58% 89.7M 10s
 53950K .......... .......... .......... .......... .......... 58% 80.0M 10s
 54000K .......... .......... .......... .......... .......... 58% 68.7M 10s
 54050K .......... .......... .......... .......... .......... 58% 63.9M 10s
 54100K .......... .......... .......... .......... .......... 58% 74.0M 10s
 54150K .......... .......... .......... .......... .......... 58% 63.3M 10s
 54200K .......... .......... .......... .......... .......... 58% 85.3M 10s
 54250K .......... .......... .......... .......... .......... 58% 80.3M 10s
 54300K .......... .......... .......... .......... .......... 58% 63.5M 10s
 54350K .......... .......... .......... .......... .......... 58% 87.2M 10s
 54400K .......... .......... .......... .......... .......... 58% 67.9M 10s
 54450K .......... .......... .......... .......... .......... 58% 62.5M 10s
 54500K .......... .......... .......... .......... .......... 58% 75.4M 10s
 54550K .......... .......... .......... .......... .......... 58% 80.8M 10s
 54600K .......... .......... .......... .......... .......... 58% 68.7M 10s
 54650K .......... .......... .......... .......... .......... 58% 70.5M 10s
 54700K .......... .......... .......... .......... .......... 58% 75.6M 10s
 54750K .......... .......... .......... .......... .......... 58% 76.0M 10s
 54800K .......... .......... .......... .......... .......... 59% 72.8M 10s
 54850K .......... .......... .......... .......... .......... 59% 69.0M 10s
 54900K .......... .......... .......... .......... .......... 59% 65.1M 10s
 54950K .......... .......... .......... .......... .......... 59% 65.1M 10s
 55000K .......... .......... .......... .......... .......... 59% 87.6M 10s
 55050K .......... .......... .......... .......... .......... 59% 76.8M 10s
 55100K .......... .......... .......... .......... .......... 59% 66.9M 10s
 55150K .......... .......... .......... .......... .......... 59% 85.6M 10s
 55200K .......... .......... .......... .......... .......... 59% 69.2M 10s
 55250K .......... .......... .......... .......... .......... 59% 67.0M 10s
 55300K .......... .......... .......... .......... .......... 59% 80.9M 10s
 55350K .......... .......... .......... .......... .......... 59% 75.4M 10s
 55400K .......... .......... .......... .......... .......... 59% 82.8M 10s
 55450K .......... .......... .......... .......... .......... 59% 60.3M 10s
 55500K .......... .......... .......... .......... .......... 59% 25.4M 10s
 55550K .......... .......... .......... .......... .......... 59% 49.9M 10s
 55600K .......... .......... .......... .......... .......... 59% 55.1M 10s
 55650K .......... .......... .......... .......... .......... 59% 39.5M 9s
 55700K .......... .......... .......... .......... .......... 60% 71.9M 9s
 55750K .......... .......... .......... .......... .......... 60% 58.5M 9s
 55800K .......... .......... .......... .......... .......... 60% 74.8M 9s
 55850K .......... .......... .......... .......... .......... 60% 57.2M 9s
 55900K .......... .......... .......... .......... .......... 60% 56.0M 9s
 55950K .......... .......... .......... .......... .......... 60% 54.4M 9s
 56000K .......... .......... .......... .......... .......... 60% 71.1M 9s
 56050K .......... .......... .......... .......... .......... 60% 49.1M 9s
 56100K .......... .......... .......... .......... .......... 60% 62.4M 9s
 56150K .......... .......... .......... .......... .......... 60% 64.7M 9s
 56200K .......... .......... .......... .......... .......... 60% 54.7M 9s
 56250K .......... .......... .......... .......... .......... 60% 71.7M 9s
 56300K .......... .......... .......... .......... .......... 60% 54.0M 9s
 56350K .......... .......... .......... .......... .......... 60% 71.8M 9s
 56400K .......... .......... .......... .......... .......... 60% 58.0M 9s
 56450K .......... .......... .......... .......... .......... 60% 47.1M 9s
 56500K .......... .......... .......... .......... .......... 60% 70.4M 9s
 56550K .......... .......... .......... .......... .......... 60% 50.9M 9s
 56600K .......... .......... .......... .......... .......... 60% 56.2M 9s
 56650K .......... .......... .......... .......... .......... 61% 73.8M 9s
 56700K .......... .......... .......... .......... .......... 61% 54.8M 9s
 56750K .......... .......... .......... .......... .......... 61% 70.8M 9s
 56800K .......... .......... .......... .......... .......... 61% 45.8M 9s
 56850K .......... .......... .......... .......... .......... 61% 65.8M 9s
 56900K .......... .......... .......... .......... .......... 61% 85.6M 9s
 56950K .......... .......... .......... .......... .......... 61% 83.0M 9s
 57000K .......... .......... .......... .......... .......... 61% 68.9M 9s
 57050K .......... .......... .......... .......... .......... 61% 62.1M 9s
 57100K .......... .......... .......... .......... .......... 61% 81.6M 9s
 57150K .......... .......... .......... .......... .......... 61% 55.8K 9s
 57200K .......... .......... .......... .......... .......... 61% 49.1M 9s
 57250K .......... .......... .......... .......... .......... 61% 16.2M 9s
 57300K .......... .......... .......... .......... .......... 61% 54.2M 9s
 57350K .......... .......... .......... .......... .......... 61% 24.3M 9s
 57400K .......... .......... .......... .......... .......... 61% 55.8M 9s
 57450K .......... .......... .......... .......... .......... 61% 48.8M 9s
 57500K .......... .......... .......... .......... .......... 61% 50.8M 9s
 57550K .......... .......... .......... .......... .......... 62% 38.4M 9s
 57600K .......... .......... .......... .......... .......... 62% 61.7M 9s
 57650K .......... .......... .......... .......... .......... 62% 37.5M 9s
 57700K .......... .......... .......... .......... .......... 62% 53.8M 9s
 57750K .......... .......... .......... .......... .......... 62% 57.9M 9s
 57800K .......... .......... .......... .......... .......... 62% 54.3M 9s
 57850K .......... .......... .......... .......... .......... 62% 50.9M 9s
 57900K .......... .......... .......... .......... .......... 62% 49.2M 9s
 57950K .......... .......... .......... .......... .......... 62% 65.6M 9s
 58000K .......... .......... .......... .......... .......... 62% 46.5M 9s
 58050K .......... .......... .......... .......... .......... 62% 38.4M 9s
 58100K .......... .......... .......... .......... .......... 62% 48.9M 9s
 58150K .......... .......... .......... .......... .......... 62% 46.1M 9s
 58200K .......... .......... .......... .......... .......... 62% 48.3M 9s
 58250K .......... .......... .......... .......... .......... 62% 42.8M 9s
 58300K .......... .......... .......... .......... .......... 62% 43.2M 9s
 58350K .......... .......... .......... .......... .......... 62% 37.2M 9s
 58400K .......... .......... .......... .......... .......... 62% 63.7M 9s
 58450K .......... .......... .......... .......... .......... 62% 13.9M 9s
 58500K .......... .......... .......... .......... .......... 63% 38.4M 9s
 58550K .......... .......... .......... .......... .......... 63% 51.1M 9s
 58600K .......... .......... .......... .......... .......... 63% 53.1M 9s
 58650K .......... .......... .......... .......... .......... 63% 40.4M 9s
 58700K .......... .......... .......... .......... .......... 63% 37.7M 9s
 58750K .......... .......... .......... .......... .......... 63% 28.2M 9s
 58800K .......... .......... .......... .......... .......... 63% 20.6M 9s
 58850K .......... .......... .......... .......... .......... 63% 48.7M 9s
 58900K .......... .......... .......... .......... .......... 63%  122M 9s
 58950K .......... .......... .......... .......... .......... 63%  117M 9s
 59000K .......... .......... .......... .......... .......... 63%  106M 9s
 59050K .......... .......... .......... .......... .......... 63% 81.3M 9s
 59100K .......... .......... .......... .......... .......... 63%  119M 9s
 59150K .......... .......... .......... .......... .......... 63%  119M 9s
 59200K .......... .......... .......... .......... .......... 63%  114M 9s
 59250K .......... .......... .......... .......... .......... 63% 78.1M 9s
 59300K .......... .......... .......... .......... .......... 63%  122M 9s
 59350K .......... .......... .......... .......... .......... 63%  121M 9s
 59400K .......... .......... .......... .......... .......... 64%  103M 9s
 59450K .......... .......... .......... .......... .......... 64% 74.1M 9s
 59500K .......... .......... .......... .......... .......... 64% 74.9M 8s
 59550K .......... .......... .......... .......... .......... 64% 92.3M 8s
 59600K .......... .......... .......... .......... .......... 64% 70.9M 8s
 59650K .......... .......... .......... .......... .......... 64%  106M 8s
 59700K .......... .......... .......... .......... .......... 64% 95.0M 8s
 59750K .......... .......... .......... .......... .......... 64% 77.6M 8s
 59800K .......... .......... .......... .......... .......... 64%  102M 8s
 59850K .......... .......... .......... .......... .......... 64% 76.5M 8s
 59900K .......... .......... .......... .......... .......... 64% 86.7M 8s
 59950K .......... .......... .......... .......... .......... 64% 70.3M 8s
 60000K .......... .......... .......... .......... .......... 64% 89.8M 8s
 60050K .......... .......... .......... .......... .......... 64% 55.0M 8s
 60100K .......... .......... .......... .......... .......... 64%  100M 8s
 60150K .......... .......... .......... .......... .......... 64% 90.2M 8s
 60200K .......... .......... .......... .......... .......... 64% 94.0M 8s
 60250K .......... .......... .......... .......... .......... 64% 76.2M 8s
 60300K .......... .......... .......... .......... .......... 64% 85.4M 8s
 60350K .......... .......... .......... .......... .......... 65% 82.2M 8s
 60400K .......... .......... .......... .......... .......... 65% 83.8M 8s
 60450K .......... .......... .......... .......... .......... 65% 73.8M 8s
 60500K .......... .......... .......... .......... .......... 65% 79.7M 8s
 60550K .......... .......... .......... .......... .......... 65% 93.2M 8s
 60600K .......... .......... .......... .......... .......... 65% 85.8M 8s
 60650K .......... .......... .......... .......... .......... 65% 75.1M 8s
 60700K .......... .......... .......... .......... .......... 65% 80.5M 8s
 60750K .......... .......... .......... .......... .......... 65% 77.0M 8s
 60800K .......... .......... .......... .......... .......... 65% 58.3M 8s
 60850K .......... .......... .......... .......... .......... 65% 74.4M 8s
 60900K .......... .......... .......... .......... .......... 65% 66.5M 8s
 60950K .......... .......... .......... .......... .......... 65% 63.8M 8s
 61000K .......... .......... .......... .......... .......... 65% 70.5M 8s
 61050K .......... .......... .......... .......... .......... 65% 57.4M 8s
 61100K .......... .......... .......... .......... .......... 65% 85.8M 8s
 61150K .......... .......... .......... .......... .......... 65% 84.6M 8s
 61200K .......... .......... .......... .......... .......... 65% 78.2M 8s
 61250K .......... .......... .......... .......... .......... 65% 75.9M 8s
 61300K .......... .......... .......... .......... .......... 66% 86.8M 8s
 61350K .......... .......... .......... .......... .......... 66% 79.0M 8s
 61400K .......... .......... .......... .......... .......... 66% 91.2M 8s
 61450K .......... .......... .......... .......... .......... 66% 86.1M 8s
 61500K .......... .......... .......... .......... .......... 66% 60.7M 8s
 61550K .......... .......... .......... .......... .......... 66% 57.2M 8s
 61600K .......... .......... .......... .......... .......... 66%  108M 8s
 61650K .......... .......... .......... .......... .......... 66% 71.8M 8s
 61700K .......... .......... .......... .......... .......... 66% 52.8M 8s
 61750K .......... .......... .......... .......... .......... 66%  102M 8s
 61800K .......... .......... .......... .......... .......... 66% 94.6M 8s
 61850K .......... .......... .......... .......... .......... 66% 76.8M 8s
 61900K .......... .......... .......... .......... .......... 66% 59.9M 8s
 61950K .......... .......... .......... .......... .......... 66% 96.1M 8s
 62000K .......... .......... .......... .......... .......... 66% 85.7M 8s
 62050K .......... .......... .......... .......... .......... 66% 52.0M 8s
 62100K .......... .......... .......... .......... .......... 66%  100M 8s
 62150K .......... .......... .......... .......... .......... 66% 82.8M 8s
 62200K .......... .......... .......... .......... .......... 67% 85.3M 7s
 62250K .......... .......... .......... .......... .......... 67% 82.7M 7s
 62300K .......... .......... .......... .......... .......... 67% 80.8M 7s
 62350K .......... .......... .......... .......... .......... 67% 98.3M 7s
 62400K .......... .......... .......... .......... .......... 67% 73.8M 7s
 62450K .......... .......... .......... .......... .......... 67% 69.8M 7s
 62500K .......... .......... .......... .......... .......... 67% 96.3M 7s
 62550K .......... .......... .......... .......... .......... 67% 80.2M 7s
 62600K .......... .......... .......... .......... .......... 67% 87.5M 7s
 62650K .......... .......... .......... .......... .......... 67% 63.3M 7s
 62700K .......... .......... .......... .......... .......... 67% 53.7M 7s
 62750K .......... .......... .......... .......... .......... 67% 89.2M 7s
 62800K .......... .......... .......... .......... .......... 67% 79.3M 7s
 62850K .......... .......... .......... .......... .......... 67% 68.7M 7s
 62900K .......... .......... .......... .......... .......... 67% 89.1M 7s
 62950K .......... .......... .......... .......... .......... 67% 87.2M 7s
 63000K .......... .......... .......... .......... .......... 67% 84.0M 7s
 63050K .......... .......... .......... .......... .......... 67% 74.1M 7s
 63100K .......... .......... .......... .......... .......... 67% 71.6M 7s
 63150K .......... .......... .......... .......... .......... 68% 88.6M 7s
 63200K .......... .......... .......... .......... .......... 68% 78.1M 7s
 63250K .......... .......... .......... .......... .......... 68% 72.0M 7s
 63300K .......... .......... .......... .......... .......... 68% 82.3M 7s
 63350K .......... .......... .......... .......... .......... 68% 86.0M 7s
 63400K .......... .......... .......... .......... .......... 68% 87.4M 7s
 63450K .......... .......... .......... .......... .......... 68% 79.5M 7s
 63500K .......... .......... .......... .......... .......... 68% 65.3M 7s
 63550K .......... .......... .......... .......... .......... 68% 91.8M 7s
 63600K .......... .......... .......... .......... .......... 68% 83.5M 7s
 63650K .......... .......... .......... .......... .......... 68% 67.6M 7s
 63700K .......... .......... .......... .......... .......... 68% 54.4M 7s
 63750K .......... .......... .......... .......... .......... 68% 67.1M 7s
 63800K .......... .......... .......... .......... .......... 68% 68.9M 7s
 63850K .......... .......... .......... .......... .......... 68% 54.3M 7s
 63900K .......... .......... .......... .......... .......... 68% 64.4M 7s
 63950K .......... .......... .......... .......... .......... 68% 69.0M 7s
 64000K .......... .......... .......... .......... .......... 68% 84.8M 7s
 64050K .......... .......... .......... .......... .......... 69% 57.1M 7s
 64100K .......... .......... .......... .......... .......... 69% 70.2M 7s
 64150K .......... .......... .......... .......... .......... 69% 72.3M 7s
 64200K .......... .......... .......... .......... .......... 69% 65.9M 7s
 64250K .......... .......... .......... .......... .......... 69% 84.2M 7s
 64300K .......... .......... .......... .......... .......... 69% 79.6M 7s
 64350K .......... .......... .......... .......... .......... 69% 88.0M 7s
 64400K .......... .......... .......... .......... .......... 69% 59.5M 7s
 64450K .......... .......... .......... .......... .......... 69% 61.1M 7s
 64500K .......... .......... .......... .......... .......... 69% 78.3M 7s
 64550K .......... .......... .......... .......... .......... 69% 89.6M 7s
 64600K .......... .......... .......... .......... .......... 69% 84.9M 7s
 64650K .......... .......... .......... .......... .......... 69% 62.8M 7s
 64700K .......... .......... .......... .......... .......... 69% 63.5M 7s
 64750K .......... .......... .......... .......... .......... 69% 86.7M 7s
 64800K .......... .......... .......... .......... .......... 69% 85.2M 7s
 64850K .......... .......... .......... .......... .......... 69% 68.9M 7s
 64900K .......... .......... .......... .......... .......... 69% 70.2M 7s
 64950K .......... .......... .......... .......... .......... 69% 60.8M 7s
 65000K .......... .......... .......... .......... .......... 70% 84.8M 7s
 65050K .......... .......... .......... .......... .......... 70% 77.5M 7s
 65100K .......... .......... .......... .......... .......... 70% 84.9M 6s
 65150K .......... .......... .......... .......... .......... 70% 68.4M 6s
 65200K .......... .......... .......... .......... .......... 70% 65.8M 6s
 65250K .......... .......... .......... .......... .......... 70% 66.1M 6s
 65300K .......... .......... .......... .......... .......... 70% 92.1M 6s
 65350K .......... .......... .......... .......... .......... 70% 79.9M 6s
 65400K .......... .......... .......... .......... .......... 70% 88.0M 6s
 65450K .......... .......... .......... .......... .......... 70% 74.1M 6s
 65500K .......... .......... .......... .......... .......... 70% 66.8M 6s
 65550K .......... .......... .......... .......... .......... 70% 87.8M 6s
 65600K .......... .......... .......... .......... .......... 70% 82.6M 6s
 65650K .......... .......... .......... .......... .......... 70% 58.5M 6s
 65700K .......... .......... .......... .......... .......... 70% 77.4M 6s
 65750K .......... .......... .......... .......... .......... 70% 53.6M 6s
 65800K .......... .......... .......... .......... .......... 70% 52.6M 6s
 65850K .......... .......... .......... .......... .......... 70% 76.3M 6s
 65900K .......... .......... .......... .......... .......... 70% 86.3M 6s
 65950K .......... .......... .......... .......... .......... 71% 49.0M 6s
 66000K .......... .......... .......... .......... .......... 71% 61.2M 6s
 66050K .......... .......... .......... .......... .......... 71% 48.2M 6s
 66100K .......... .......... .......... .......... .......... 71% 86.3M 6s
 66150K .......... .......... .......... .......... .......... 71% 85.7M 6s
 66200K .......... .......... .......... .......... .......... 71% 80.7M 6s
 66250K .......... .......... .......... .......... .......... 71% 64.1M 6s
 66300K .......... .......... .......... .......... .......... 71% 89.7M 6s
 66350K .......... .......... .......... .......... .......... 71% 80.9M 6s
 66400K .......... .......... .......... .......... .......... 71% 86.3M 6s
 66450K .......... .......... .......... .......... .......... 71% 57.7M 6s
 66500K .......... .......... .......... .......... .......... 71% 84.5M 6s
 66550K .......... .......... .......... .......... .......... 71% 80.6M 6s
 66600K .......... .......... .......... .......... .......... 71% 68.1M 6s
 66650K .......... .......... .......... .......... .......... 71% 70.0M 6s
 66700K .......... .......... .......... .......... .......... 71% 91.5M 6s
 66750K .......... .......... .......... .......... .......... 71% 67.7M 6s
 66800K .......... .......... .......... .......... .......... 71% 79.7M 6s
 66850K .......... .......... .......... .......... .......... 72% 70.6M 6s
 66900K .......... .......... .......... .......... .......... 72% 68.5M 6s
 66950K .......... .......... .......... .......... .......... 72% 78.9M 6s
 67000K .......... .......... .......... .......... .......... 72% 86.6M 6s
 67050K .......... .......... .......... .......... .......... 72% 45.1M 6s
 67100K .......... .......... .......... .......... .......... 72% 71.5M 6s
 67150K .......... .......... .......... .......... .......... 72% 82.6M 6s
 67200K .......... .......... .......... .......... .......... 72% 89.4M 6s
 67250K .......... .......... .......... .......... .......... 72% 65.8M 6s
 67300K .......... .......... .......... .......... .......... 72% 68.3M 6s
 67350K .......... .......... .......... .......... .......... 72% 67.6M 6s
 67400K .......... .......... .......... .......... .......... 72% 79.3M 6s
 67450K .......... .......... .......... .......... .......... 72% 77.4M 6s
 67500K .......... .......... .......... .......... .......... 72% 90.2M 6s
 67550K .......... .......... .......... .......... .......... 72% 68.2M 6s
 67600K .......... .......... .......... .......... .......... 72% 86.8M 6s
 67650K .......... .......... .......... .......... .......... 72% 65.3M 6s
 67700K .......... .......... .......... .......... .......... 72% 88.1M 6s
 67750K .......... .......... .......... .......... .......... 72% 83.2M 6s
 67800K .......... .......... .......... .......... .......... 73% 68.5M 6s
 67850K .......... .......... .......... .......... .......... 73% 72.8M 6s
 67900K .......... .......... .......... .......... .......... 73% 90.0M 6s
 67950K .......... .......... .......... .......... .......... 73% 68.1M 6s
 68000K .......... .......... .......... .......... .......... 73% 83.2M 6s
 68050K .......... .......... .......... .......... .......... 73% 48.0M 6s
 68100K .......... .......... .......... .......... .......... 73% 84.5M 6s
 68150K .......... .......... .......... .......... .......... 73% 71.0M 6s
 68200K .......... .......... .......... .......... .......... 73% 85.2M 6s
 68250K .......... .......... .......... .......... .......... 73% 76.4M 6s
 68300K .......... .......... .......... .......... .......... 73% 61.9M 5s
 68350K .......... .......... .......... .......... .......... 73% 87.9M 5s
 68400K .......... .......... .......... .......... .......... 73% 72.4M 5s
 68450K .......... .......... .......... .......... .......... 73% 66.1M 5s
 68500K .......... .......... .......... .......... .......... 73% 85.7M 5s
 68550K .......... .......... .......... .......... .......... 73% 66.1M 5s
 68600K .......... .......... .......... .......... .......... 73% 70.6M 5s
 68650K .......... .......... .......... .......... .......... 73% 84.4M 5s
 68700K .......... .......... .......... .......... .......... 74% 78.5M 5s
 68750K .......... .......... .......... .......... .......... 74% 73.6M 5s
 68800K .......... .......... .......... .......... .......... 74% 87.6M 5s
 68850K .......... .......... .......... .......... .......... 74% 63.1M 5s
 68900K .......... .......... .......... .......... .......... 74% 93.6M 5s
 68950K .......... .......... .......... .......... .......... 74% 71.8M 5s
 69000K .......... .......... .......... .......... .......... 74% 54.8M 5s
 69050K .......... .......... .......... .......... .......... 74% 55.7M 5s
 69100K .......... .......... .......... .......... .......... 74% 64.8M 5s
 69150K .......... .......... .......... .......... .......... 74% 82.1M 5s
 69200K .......... .......... .......... .......... .......... 74% 72.3M 5s
 69250K .......... .......... .......... .......... .......... 74% 62.4M 5s
 69300K .......... .......... .......... .......... .......... 74% 90.0M 5s
 69350K .......... .......... .......... .......... .......... 74% 56.2K 5s
 69400K .......... .......... .......... .......... .......... 74% 65.9M 5s
 69450K .......... .......... .......... .......... .......... 74% 21.5M 5s
 69500K .......... .......... .......... .......... .......... 74% 43.9M 5s
 69550K .......... .......... .......... .......... .......... 74% 48.4M 5s
 69600K .......... .......... .......... .......... .......... 74% 51.5M 5s
 69650K .......... .......... .......... .......... .......... 75% 57.8M 5s
 69700K .......... .......... .......... .......... .......... 75% 91.7M 5s
 69750K .......... .......... .......... .......... .......... 75% 62.0M 5s
 69800K .......... .......... .......... .......... .......... 75% 56.3M 5s
 69850K .......... .......... .......... .......... .......... 75% 62.9M 5s
 69900K .......... .......... .......... .......... .......... 75% 80.9M 5s
 69950K .......... .......... .......... .......... .......... 75% 73.2M 5s
 70000K .......... .......... .......... .......... .......... 75% 63.6M 5s
 70050K .......... .......... .......... .......... .......... 75% 69.9M 5s
 70100K .......... .......... .......... .......... .......... 75% 63.4M 5s
 70150K .......... .......... .......... .......... .......... 75% 82.9M 5s
 70200K .......... .......... .......... .......... .......... 75% 88.0M 5s
 70250K .......... .......... .......... .......... .......... 75% 69.3M 5s
 70300K .......... .......... .......... .......... .......... 75% 60.9M 5s
 70350K .......... .......... .......... .......... .......... 75% 71.0M 5s
 70400K .......... .......... .......... .......... .......... 75% 85.5M 5s
 70450K .......... .......... .......... .......... .......... 75% 55.1M 5s
 70500K .......... .......... .......... .......... .......... 75% 87.8M 5s
 70550K .......... .......... .......... .......... .......... 76% 80.4M 5s
 70600K .......... .......... .......... .......... .......... 76% 62.5M 5s
 70650K .......... .......... .......... .......... .......... 76% 86.6M 5s
 70700K .......... .......... .......... .......... .......... 76% 69.8M 5s
 70750K .......... .......... .......... .......... .......... 76% 84.5M 5s
 70800K .......... .......... .......... .......... .......... 76% 67.2M 5s
 70850K .......... .......... .......... .......... .......... 76% 63.2M 5s
 70900K .......... .......... .......... .......... .......... 76%  100M 5s
 70950K .......... .......... .......... .......... .......... 76% 80.2M 5s
 71000K .......... .......... .......... .......... .......... 76% 71.1M 5s
 71050K .......... .......... .......... .......... .......... 76% 70.4M 5s
 71100K .......... .......... .......... .......... .......... 76% 76.1M 5s
 71150K .......... .......... .......... .......... .......... 76% 78.2M 5s
 71200K .......... .......... .......... .......... .......... 76% 53.9M 5s
 71250K .......... .......... .......... .......... .......... 76% 54.8M 5s
 71300K .......... .......... .......... .......... .......... 76% 79.7M 5s
 71350K .......... .......... .......... .......... .......... 76% 70.4M 5s
 71400K .......... .......... .......... .......... .......... 76% 87.6M 5s
 71450K .......... .......... .......... .......... .......... 76% 79.3M 5s
 71500K .......... .......... .......... .......... .......... 77% 71.1M 5s
 71550K .......... .......... .......... .......... .......... 77% 76.0M 5s
 71600K .......... .......... .......... .......... .......... 77% 88.3M 5s
 71650K .......... .......... .......... .......... .......... 77% 56.1M 5s
 71700K .......... .......... .......... .......... .......... 77% 80.5M 5s
 71750K .......... .......... .......... .......... .......... 77% 86.5M 5s
 71800K .......... .......... .......... .......... .......... 77% 78.0M 5s
 71850K .......... .......... .......... .......... .......... 77% 69.8M 5s
 71900K .......... .......... .......... .......... .......... 77% 84.9M 5s
 71950K .......... .......... .......... .......... .......... 77% 77.1M 5s
 72000K .......... .......... .......... .......... .......... 77% 60.5M 5s
 72050K .......... .......... .......... .......... .......... 77% 59.7M 5s
 72100K .......... .......... .......... .......... .......... 77% 81.5M 5s
 72150K .......... .......... .......... .......... .......... 77% 85.4M 5s
 72200K .......... .......... .......... .......... .......... 77% 63.7M 5s
 72250K .......... .......... .......... .......... .......... 77% 63.7M 5s
 72300K .......... .......... .......... .......... .......... 77% 64.0M 5s
 72350K .......... .......... .......... .......... .......... 77%  120M 5s
 72400K .......... .......... .......... .......... .......... 77% 68.0M 5s
 72450K .......... .......... .......... .......... .......... 78% 63.5M 5s
 72500K .......... .......... .......... .......... .......... 78% 91.9M 5s
 72550K .......... .......... .......... .......... .......... 78% 84.5M 5s
 72600K .......... .......... .......... .......... .......... 78% 87.5M 5s
 72650K .......... .......... .......... .......... .......... 78% 63.3M 5s
 72700K .......... .......... .......... .......... .......... 78% 83.8M 4s
 72750K .......... .......... .......... .......... .......... 78% 82.6M 4s
 72800K .......... .......... .......... .......... .......... 78% 86.7M 4s
 72850K .......... .......... .......... .......... .......... 78% 56.0M 4s
 72900K .......... .......... .......... .......... .......... 78% 82.8M 4s
 72950K .......... .......... .......... .......... .......... 78% 86.2M 4s
 73000K .......... .......... .......... .......... .......... 78% 56.2M 4s
 73050K .......... .......... .......... .......... .......... 78% 58.4M 4s
 73100K .......... .......... .......... .......... .......... 78% 63.1M 4s
 73150K .......... .......... .......... .......... .......... 78% 85.4M 4s
 73200K .......... .......... .......... .......... .......... 78% 53.4M 4s
 73250K .......... .......... .......... .......... .......... 78% 70.5M 4s
 73300K .......... .......... .......... .......... .......... 78% 79.4M 4s
 73350K .......... .......... .......... .......... .......... 79% 88.7M 4s
 73400K .......... .......... .......... .......... .......... 79% 85.0M 4s
 73450K .......... .......... .......... .......... .......... 79% 77.9M 4s
 73500K .......... .......... .......... .......... .......... 79% 86.8M 4s
 73550K .......... .......... .......... .......... .......... 79% 66.2M 4s
 73600K .......... .......... .......... .......... .......... 79% 88.6M 4s
 73650K .......... .......... .......... .......... .......... 79% 66.9M 4s
 73700K .......... .......... .......... .......... .......... 79% 85.0M 4s
 73750K .......... .......... .......... .......... .......... 79% 68.2M 4s
 73800K .......... .......... .......... .......... .......... 79%  118M 4s
 73850K .......... .......... .......... .......... .......... 79% 50.9M 4s
 73900K .......... .......... .......... .......... .......... 79% 80.8M 4s
 73950K .......... .......... .......... .......... .......... 79% 92.1M 4s
 74000K .......... .......... .......... .......... .......... 79% 65.2M 4s
 74050K .......... .......... .......... .......... .......... 79% 67.2M 4s
 74100K .......... .......... .......... .......... .......... 79% 88.2M 4s
 74150K .......... .......... .......... .......... .......... 79% 87.1M 4s
 74200K .......... .......... .......... .......... .......... 79% 70.3M 4s
 74250K .......... .......... .......... .......... .......... 79% 62.4M 4s
 74300K .......... .......... .......... .......... .......... 80% 80.1M 4s
 74350K .......... .......... .......... .......... .......... 80% 86.3M 4s
 74400K .......... .......... .......... .......... .......... 80% 82.1M 4s
 74450K .......... .......... .......... .......... .......... 80% 58.6M 4s
 74500K .......... .......... .......... .......... .......... 80% 92.4M 4s
 74550K .......... .......... .......... .......... .......... 80% 81.1M 4s
 74600K .......... .......... .......... .......... .......... 80% 69.8M 4s
 74650K .......... .......... .......... .......... .......... 80% 73.1M 4s
 74700K .......... .......... .......... .......... .......... 80% 65.9M 4s
 74750K .......... .......... .......... .......... .......... 80% 66.1M 4s
 74800K .......... .......... .......... .......... .......... 80% 61.8M 4s
 74850K .......... .......... .......... .......... .......... 80% 61.9M 4s
 74900K .......... .......... .......... .......... .......... 80% 86.4M 4s
 74950K .......... .......... .......... .......... .......... 80% 80.7M 4s
 75000K .......... .......... .......... .......... .......... 80% 68.2M 4s
 75050K .......... .......... .......... .......... .......... 80% 77.8M 4s
 75100K .......... .......... .......... .......... .......... 80% 83.5M 4s
 75150K .......... .......... .......... .......... .......... 80% 70.5M 4s
 75200K .......... .......... .......... .......... .......... 81% 79.5M 4s
 75250K .......... .......... .......... .......... .......... 81% 52.3M 4s
 75300K .......... .......... .......... .......... .......... 81% 80.3M 4s
 75350K .......... .......... .......... .......... .......... 81% 80.6M 4s
 75400K .......... .......... .......... .......... .......... 81% 85.8M 4s
 75450K .......... .......... .......... .......... .......... 81% 64.1M 4s
 75500K .......... .......... .......... .......... .......... 81% 87.2M 4s
 75550K .......... .......... .......... .......... .......... 81% 81.4M 4s
 75600K .......... .......... .......... .......... .......... 81% 75.4M 4s
 75650K .......... .......... .......... .......... .......... 81% 63.5M 4s
 75700K .......... .......... .......... .......... .......... 81% 85.7M 4s
 75750K .......... .......... .......... .......... .......... 81% 70.0M 4s
 75800K .......... .......... .......... .......... .......... 81% 51.9M 4s
 75850K .......... .......... .......... .......... .......... 81% 59.8M 4s
 75900K .......... .......... .......... .......... .......... 81% 67.4M 4s
 75950K .......... .......... .......... .......... .......... 81% 84.1M 4s
 76000K .......... .......... .......... .......... .......... 81% 68.2M 4s
 76050K .......... .......... .......... .......... .......... 81% 55.4M 4s
 76100K .......... .......... .......... .......... .......... 81% 61.6M 4s
 76150K .......... .......... .......... .......... .......... 82% 84.2M 4s
 76200K .......... .......... .......... .......... .......... 82% 79.8M 4s
 76250K .......... .......... .......... .......... .......... 82% 60.6M 4s
 76300K .......... .......... .......... .......... .......... 82% 86.1M 4s
 76350K .......... .......... .......... .......... .......... 82% 83.4M 4s
 76400K .......... .......... .......... .......... .......... 82% 87.3M 4s
 76450K .......... .......... .......... .......... .......... 82% 55.3M 3s
 76500K .......... .......... .......... .......... .......... 82% 70.6M 3s
 76550K .......... .......... .......... .......... .......... 82% 79.8M 3s
 76600K .......... .......... .......... .......... .......... 82% 81.2M 3s
 76650K .......... .......... .......... .......... .......... 82% 64.9M 3s
 76700K .......... .......... .......... .......... .......... 82% 84.2M 3s
 76750K .......... .......... .......... .......... .......... 82% 68.9M 3s
 76800K .......... .......... .......... .......... .......... 82% 69.5M 3s
 76850K .......... .......... .......... .......... .......... 82% 52.1M 3s
 76900K .......... .......... .......... .......... .......... 82% 64.4M 3s
 76950K .......... .......... .......... .......... .......... 82% 73.0M 3s
 77000K .......... .......... .......... .......... .......... 82% 51.1M 3s
 77050K .......... .......... .......... .......... .......... 83% 48.7M 3s
 77100K .......... .......... .......... .......... .......... 83% 66.0M 3s
 77150K .......... .......... .......... .......... .......... 83% 65.9M 3s
 77200K .......... .......... .......... .......... .......... 83% 71.5M 3s
 77250K .......... .......... .......... .......... .......... 83% 62.8M 3s
 77300K .......... .......... .......... .......... .......... 83% 68.8M 3s
 77350K .......... .......... .......... .......... .......... 83% 62.5M 3s
 77400K .......... .......... .......... .......... .......... 83% 87.8M 3s
 77450K .......... .......... .......... .......... .......... 83% 64.2M 3s
 77500K .......... .......... .......... .......... .......... 83% 75.8M 3s
 77550K .......... .......... .......... .......... .......... 83% 90.2M 3s
 77600K .......... .......... .......... .......... .......... 83% 72.7M 3s
 77650K .......... .......... .......... .......... .......... 83% 53.2M 3s
 77700K .......... .......... .......... .......... .......... 83% 77.0M 3s
 77750K .......... .......... .......... .......... .......... 83% 55.2M 3s
 77800K .......... .......... .......... .......... .......... 83% 64.1M 3s
 77850K .......... .......... .......... .......... .......... 83% 49.3M 3s
 77900K .......... .......... .......... .......... .......... 83% 64.3M 3s
 77950K .......... .......... .......... .......... .......... 83% 57.4M 3s
 78000K .......... .......... .......... .......... .......... 84% 70.5M 3s
 78050K .......... .......... .......... .......... .......... 84% 50.7M 3s
 78100K .......... .......... .......... .......... .......... 84% 53.3M 3s
 78150K .......... .......... .......... .......... .......... 84% 67.0M 3s
 78200K .......... .......... .......... .......... .......... 84% 69.1M 3s
 78250K .......... .......... .......... .......... .......... 84% 62.3M 3s
 78300K .......... .......... .......... .......... .......... 84% 65.1M 3s
 78350K .......... .......... .......... .......... .......... 84% 64.2M 3s
 78400K .......... .......... .......... .......... .......... 84% 67.5M 3s
 78450K .......... .......... .......... .......... .......... 84% 52.8M 3s
 78500K .......... .......... .......... .......... .......... 84% 51.4M 3s
 78550K .......... .......... .......... .......... .......... 84% 80.1M 3s
 78600K .......... .......... .......... .......... .......... 84% 77.6M 3s
 78650K .......... .......... .......... .......... .......... 84% 70.3M 3s
 78700K .......... .......... .......... .......... .......... 84% 72.7M 3s
 78750K .......... .......... .......... .......... .......... 84% 60.0M 3s
 78800K .......... .......... .......... .......... .......... 84% 63.9M 3s
 78850K .......... .......... .......... .......... .......... 84% 56.4M 3s
 78900K .......... .......... .......... .......... .......... 84% 81.7M 3s
 78950K .......... .......... .......... .......... .......... 85% 68.3M 3s
 79000K .......... .......... .......... .......... .......... 85% 62.6M 3s
 79050K .......... .......... .......... .......... .......... 85% 65.6M 3s
 79100K .......... .......... .......... .......... .......... 85% 64.3M 3s
 79150K .......... .......... .......... .......... .......... 85% 58.5M 3s
 79200K .......... .......... .......... .......... .......... 85% 75.1M 3s
 79250K .......... .......... .......... .......... .......... 85% 46.0M 3s
 79300K .......... .......... .......... .......... .......... 85% 77.9M 3s
 79350K .......... .......... .......... .......... .......... 85% 67.5M 3s
 79400K .......... .......... .......... .......... .......... 85% 58.8M 3s
 79450K .......... .......... .......... .......... .......... 85% 62.3M 3s
 79500K .......... .......... .......... .......... .......... 85% 45.1M 3s
 79550K .......... .......... .......... .......... .......... 85% 66.4M 3s
 79600K .......... .......... .......... .......... .......... 85% 57.7M 3s
 79650K .......... .......... .......... .......... .......... 85% 44.8M 3s
 79700K .......... .......... .......... .......... .......... 85% 51.3M 3s
 79750K .......... .......... .......... .......... .......... 85% 53.6M 3s
 79800K .......... .......... .......... .......... .......... 85% 64.5M 3s
 79850K .......... .......... .......... .......... .......... 86% 51.2M 3s
 79900K .......... .......... .......... .......... .......... 86% 48.0M 3s
 79950K .......... .......... .......... .......... .......... 86% 77.8M 3s
 80000K .......... .......... .......... .......... .......... 86% 68.1M 3s
 80050K .......... .......... .......... .......... .......... 86% 53.4M 3s
 80100K .......... .......... .......... .......... .......... 86% 68.8M 3s
 80150K .......... .......... .......... .......... .......... 86% 61.0M 3s
 80200K .......... .......... .......... .......... .......... 86% 66.6M 3s
 80250K .......... .......... .......... .......... .......... 86% 64.7M 3s
 80300K .......... .......... .......... .......... .......... 86% 67.1M 3s
 80350K .......... .......... .......... .......... .......... 86% 66.9M 3s
 80400K .......... .......... .......... .......... .......... 86% 81.1M 3s
 80450K .......... .......... .......... .......... .......... 86% 52.9M 3s
 80500K .......... .......... .......... .......... .......... 86% 64.3M 3s
 80550K .......... .......... .......... .......... .......... 86% 67.5M 2s
 80600K .......... .......... .......... .......... .......... 86% 67.1M 2s
 80650K .......... .......... .......... .......... .......... 86% 59.5M 2s
 80700K .......... .......... .......... .......... .......... 86% 66.0M 2s
 80750K .......... .......... .......... .......... .......... 86% 65.6M 2s
 80800K .......... .......... .......... .......... .......... 87% 65.5M 2s
 80850K .......... .......... .......... .......... .......... 87% 34.7M 2s
 80900K .......... .......... .......... .......... .......... 87% 50.5M 2s
 80950K .......... .......... .......... .......... .......... 87% 64.6M 2s
 81000K .......... .......... .......... .......... .......... 87% 43.0M 2s
 81050K .......... .......... .......... .......... .......... 87% 45.7M 2s
 81100K .......... .......... .......... .......... .......... 87% 15.6M 2s
 81150K .......... .......... .......... .......... .......... 87% 32.7M 2s
 81200K .......... .......... .......... .......... .......... 87% 34.8M 2s
 81250K .......... .......... .......... .......... .......... 87% 43.8M 2s
 81300K .......... .......... .......... .......... .......... 87% 63.9M 2s
 81350K .......... .......... .......... .......... .......... 87% 28.0M 2s
 81400K .......... .......... .......... .......... .......... 87% 32.3M 2s
 81450K .......... .......... .......... .......... .......... 87% 50.5M 2s
 81500K .......... .......... .......... .......... .......... 87% 58.1M 2s
 81550K .......... .......... .......... .......... .......... 87% 56.6K 2s
 81600K .......... .......... .......... .......... .......... 87% 12.6M 2s
 81650K .......... .......... .......... .......... .......... 87% 18.4M 2s
 81700K .......... .......... .......... .......... .......... 88% 57.7M 2s
 81750K .......... .......... .......... .......... .......... 88% 40.1M 2s
 81800K .......... .......... .......... .......... .......... 88% 74.5M 2s
 81850K .......... .......... .......... .......... .......... 88% 53.8M 2s
 81900K .......... .......... .......... .......... .......... 88% 57.6M 2s
 81950K .......... .......... .......... .......... .......... 88% 56.1M 2s
 82000K .......... .......... .......... .......... .......... 88% 45.6M 2s
 82050K .......... .......... .......... .......... .......... 88% 60.7M 2s
 82100K .......... .......... .......... .......... .......... 88% 77.8M 2s
 82150K .......... .......... .......... .......... .......... 88% 59.7M 2s
 82200K .......... .......... .......... .......... .......... 88% 74.0M 2s
 82250K .......... .......... .......... .......... .......... 88% 65.3M 2s
 82300K .......... .......... .......... .......... .......... 88% 85.6M 2s
 82350K .......... .......... .......... .......... .......... 88% 68.2M 2s
 82400K .......... .......... .......... .......... .......... 88% 85.9M 2s
 82450K .......... .......... .......... .......... .......... 88% 55.6M 2s
 82500K .......... .......... .......... .......... .......... 88% 69.5M 2s
 82550K .......... .......... .......... .......... .......... 88% 66.1M 2s
 82600K .......... .......... .......... .......... .......... 88% 83.3M 2s
 82650K .......... .......... .......... .......... .......... 89% 62.9M 2s
 82700K .......... .......... .......... .......... .......... 89% 81.2M 2s
 82750K .......... .......... .......... .......... .......... 89% 16.6M 2s
 82800K .......... .......... .......... .......... .......... 89% 56.1M 2s
 82850K .......... .......... .......... .......... .......... 89% 51.4M 2s
 82900K .......... .......... .......... .......... .......... 89% 80.7M 2s
 82950K .......... .......... .......... .......... .......... 89% 66.2M 2s
 83000K .......... .......... .......... .......... .......... 89% 69.7M 2s
 83050K .......... .......... .......... .......... .......... 89% 61.3M 2s
 83100K .......... .......... .......... .......... .......... 89% 67.4M 2s
 83150K .......... .......... .......... .......... .......... 89% 67.3M 2s
 83200K .......... .......... .......... .......... .......... 89% 74.6M 2s
 83250K .......... .......... .......... .......... .......... 89% 55.4M 2s
 83300K .......... .......... .......... .......... .......... 89% 63.4M 2s
 83350K .......... .......... .......... .......... .......... 89% 71.5M 2s
 83400K .......... .......... .......... .......... .......... 89% 74.5M 2s
 83450K .......... .......... .......... .......... .......... 89% 63.3M 2s
 83500K .......... .......... .......... .......... .......... 89% 61.0M 2s
 83550K .......... .......... .......... .......... .......... 89% 78.0M 2s
 83600K .......... .......... .......... .......... .......... 90% 65.8M 2s
 83650K .......... .......... .......... .......... .......... 90% 50.6M 2s
 83700K .......... .......... .......... .......... .......... 90% 72.2M 2s
 83750K .......... .......... .......... .......... .......... 90% 14.3M 2s
 83800K .......... .......... .......... .......... .......... 90% 35.4M 2s
 83850K .......... .......... .......... .......... .......... 90% 36.1M 2s
 83900K .......... .......... .......... .......... .......... 90% 41.2M 2s
 83950K .......... .......... .......... .......... .......... 90% 31.5M 2s
 84000K .......... .......... .......... .......... .......... 90% 32.7M 2s
 84050K .......... .......... .......... .......... .......... 90% 25.0M 2s
 84100K .......... .......... .......... .......... .......... 90% 29.3M 2s
 84150K .......... .......... .......... .......... .......... 90% 34.7M 2s
 84200K .......... .......... .......... .......... .......... 90% 28.9M 2s
 84250K .......... .......... .......... .......... .......... 90% 29.5M 2s
 84300K .......... .......... .......... .......... .......... 90% 30.9M 2s
 84350K .......... .......... .......... .......... .......... 90% 32.1M 2s
 84400K .......... .......... .......... .......... .......... 90% 32.6M 2s
 84450K .......... .......... .......... .......... .......... 90% 31.4M 2s
 84500K .......... .......... .......... .......... .......... 91% 32.7M 2s
 84550K .......... .......... .......... .......... .......... 91% 31.9M 2s
 84600K .......... .......... .......... .......... .......... 91% 50.5M 2s
 84650K .......... .......... .......... .......... .......... 91% 32.5M 2s
 84700K .......... .......... .......... .......... .......... 91% 37.4M 2s
 84750K .......... .......... .......... .......... .......... 91% 53.9M 2s
 84800K .......... .......... .......... .......... .......... 91% 66.9M 2s
 84850K .......... .......... .......... .......... .......... 91% 59.6M 2s
 84900K .......... .......... .......... .......... .......... 91% 65.0M 2s
 84950K .......... .......... .......... .......... .......... 91% 69.1M 2s
 85000K .......... .......... .......... .......... .......... 91% 75.7M 2s
 85050K .......... .......... .......... .......... .......... 91% 55.1M 2s
 85100K .......... .......... .......... .......... .......... 91% 64.9M 2s
 85150K .......... .......... .......... .......... .......... 91% 95.5M 2s
 85200K .......... .......... .......... .......... .......... 91%  128M 2s
 85250K .......... .......... .......... .......... .......... 91%  117M 2s
 85300K .......... .......... .......... .......... .......... 91%  137M 2s
 85350K .......... .......... .......... .......... .......... 91%  123M 2s
 85400K .......... .......... .......... .......... .......... 91%  137M 2s
 85450K .......... .......... .......... .......... .......... 92%  119M 1s
 85500K .......... .......... .......... .......... .......... 92%  134M 1s
 85550K .......... .......... .......... .......... .......... 92%  133M 1s
 85600K .......... .......... .......... .......... .......... 92%  145M 1s
 85650K .......... .......... .......... .......... .......... 92%  155M 1s
 85700K .......... .......... .......... .......... .......... 92%  144M 1s
 85750K .......... .......... .......... .......... .......... 92%  132M 1s
 85800K .......... .......... .......... .......... .......... 92%  161M 1s
 85850K .......... .......... .......... .......... .......... 92%  134M 1s
 85900K .......... .......... .......... .......... .......... 92%  135M 1s
 85950K .......... .......... .......... .......... .......... 92%  138M 1s
 86000K .......... .......... .......... .......... .......... 92%  140M 1s
 86050K .......... .......... .......... .......... .......... 92%  115M 1s
 86100K .......... .......... .......... .......... .......... 92%  144M 1s
 86150K .......... .......... .......... .......... .......... 92%  135M 1s
 86200K .......... .......... .......... .......... .......... 92%  136M 1s
 86250K .......... .......... .......... .......... .......... 92%  127M 1s
 86300K .......... .......... .......... .......... .......... 92%  154M 1s
 86350K .......... .......... .......... .......... .......... 93%  141M 1s
 86400K .......... .......... .......... .......... .......... 93%  140M 1s
 86450K .......... .......... .......... .......... .......... 93%  118M 1s
 86500K .......... .......... .......... .......... .......... 93%  138M 1s
 86550K .......... .......... .......... .......... .......... 93%  139M 1s
 86600K .......... .......... .......... .......... .......... 93%  133M 1s
 86650K .......... .......... .......... .......... .......... 93%  127M 1s
 86700K .......... .......... .......... .......... .......... 93%  134M 1s
 86750K .......... .......... .......... .......... .......... 93%  137M 1s
 86800K .......... .......... .......... .......... .......... 93%  158M 1s
 86850K .......... .......... .......... .......... .......... 93%  129M 1s
 86900K .......... .......... .......... .......... .......... 93%  140M 1s
 86950K .......... .......... .......... .......... .......... 93%  138M 1s
 87000K .......... .......... .......... .......... .......... 93%  131M 1s
 87050K .......... .......... .......... .......... .......... 93%  125M 1s
 87100K .......... .......... .......... .......... .......... 93%  139M 1s
 87150K .......... .......... .......... .......... .......... 93%  130M 1s
 87200K .......... .......... .......... .......... .......... 93%  138M 1s
 87250K .......... .......... .......... .......... .......... 93%  116M 1s
 87300K .......... .......... .......... .......... .......... 94% 99.5M 1s
 87350K .......... .......... .......... .......... .......... 94% 67.2M 1s
 87400K .......... .......... .......... .......... .......... 94% 82.2M 1s
 87450K .......... .......... .......... .......... .......... 94% 65.1M 1s
 87500K .......... .......... .......... .......... .......... 94% 80.4M 1s
 87550K .......... .......... .......... .......... .......... 94% 71.3M 1s
 87600K .......... .......... .......... .......... .......... 94% 53.1M 1s
 87650K .......... .......... .......... .......... .......... 94% 37.6M 1s
 87700K .......... .......... .......... .......... .......... 94% 52.0M 1s
 87750K .......... .......... .......... .......... .......... 94% 41.9M 1s
 87800K .......... .......... .......... .......... .......... 94% 37.4M 1s
 87850K .......... .......... .......... .......... .......... 94% 39.6M 1s
 87900K .......... .......... .......... .......... .......... 94% 43.8M 1s
 87950K .......... .......... .......... .......... .......... 94% 39.8M 1s
 88000K .......... .......... .......... .......... .......... 94% 56.5M 1s
 88050K .......... .......... .......... .......... .......... 94% 32.2M 1s
 88100K .......... .......... .......... .......... .......... 94% 51.3M 1s
 88150K .......... .......... .......... .......... .......... 94% 44.0M 1s
 88200K .......... .......... .......... .......... .......... 95% 53.8M 1s
 88250K .......... .......... .......... .......... .......... 95% 48.9M 1s
 88300K .......... .......... .......... .......... .......... 95% 49.8M 1s
 88350K .......... .......... .......... .......... .......... 95% 52.8M 1s
 88400K .......... .......... .......... .......... .......... 95% 46.7M 1s
 88450K .......... .......... .......... .......... .......... 95% 60.8M 1s
 88500K .......... .......... .......... .......... .......... 95% 70.2M 1s
 88550K .......... .......... .......... .......... .......... 95% 64.8M 1s
 88600K .......... .......... .......... .......... .......... 95% 74.4M 1s
 88650K .......... .......... .......... .......... .......... 95% 50.1M 1s
 88700K .......... .......... .......... .......... .......... 95% 71.7M 1s
 88750K .......... .......... .......... .......... .......... 95% 62.6M 1s
 88800K .......... .......... .......... .......... .......... 95% 76.3M 1s
 88850K .......... .......... .......... .......... .......... 95% 55.3M 1s
 88900K .......... .......... .......... .......... .......... 95% 80.2M 1s
 88950K .......... .......... .......... .......... .......... 95% 69.2M 1s
 89000K .......... .......... .......... .......... .......... 95% 60.8M 1s
 89050K .......... .......... .......... .......... .......... 95% 54.4M 1s
 89100K .......... .......... .......... .......... .......... 95% 76.8M 1s
 89150K .......... .......... .......... .......... .......... 96% 71.6M 1s
 89200K .......... .......... .......... .......... .......... 96% 65.8M 1s
 89250K .......... .......... .......... .......... .......... 96% 59.3M 1s
 89300K .......... .......... .......... .......... .......... 96% 68.2M 1s
 89350K .......... .......... .......... .......... .......... 96% 68.2M 1s
 89400K .......... .......... .......... .......... .......... 96% 78.6M 1s
 89450K .......... .......... .......... .......... .......... 96% 89.9M 1s
 89500K .......... .......... .......... .......... .......... 96% 96.2M 1s
 89550K .......... .......... .......... .......... .......... 96% 81.0M 1s
 89600K .......... .......... .......... .......... .......... 96% 54.9M 1s
 89650K .......... .......... .......... .......... .......... 96% 33.7M 1s
 89700K .......... .......... .......... .......... .......... 96% 43.5M 1s
 89750K .......... .......... .......... .......... .......... 96% 63.6M 1s
 89800K .......... .......... .......... .......... .......... 96% 44.8M 1s
 89850K .......... .......... .......... .......... .......... 96% 45.5M 1s
 89900K .......... .......... .......... .......... .......... 96% 56.4M 1s
 89950K .......... .......... .......... .......... .......... 96% 46.9M 1s
 90000K .......... .......... .......... .......... .......... 96% 53.9M 1s
 90050K .......... .......... .......... .......... .......... 96% 40.5M 1s
 90100K .......... .......... .......... .......... .......... 97% 45.6M 1s
 90150K .......... .......... .......... .......... .......... 97% 50.6M 1s
 90200K .......... .......... .......... .......... .......... 97% 62.8M 1s
 90250K .......... .......... .......... .......... .......... 97% 57.6M 0s
 90300K .......... .......... .......... .......... .......... 97% 73.3M 0s
 90350K .......... .......... .......... .......... .......... 97% 31.7M 0s
 90400K .......... .......... .......... .......... .......... 97% 33.2M 0s
 90450K .......... .......... .......... .......... .......... 97% 66.9M 0s
 90500K .......... .......... .......... .......... .......... 97% 92.6M 0s
 90550K .......... .......... .......... .......... .......... 97%  113M 0s
 90600K .......... .......... .......... .......... .......... 97% 98.1M 0s
 90650K .......... .......... .......... .......... .......... 97% 88.9M 0s
 90700K .......... .......... .......... .......... .......... 97% 94.4M 0s
 90750K .......... .......... .......... .......... .......... 97% 69.9M 0s
 90800K .......... .......... .......... .......... .......... 97% 82.8M 0s
 90850K .......... .......... .......... .......... .......... 97% 68.4M 0s
 90900K .......... .......... .......... .......... .......... 97% 87.8M 0s
 90950K .......... .......... .......... .......... .......... 97% 80.9M 0s
 91000K .......... .......... .......... .......... .......... 98% 82.0M 0s
 91050K .......... .......... .......... .......... .......... 98% 67.5M 0s
 91100K .......... .......... .......... .......... .......... 98% 86.9M 0s
 91150K .......... .......... .......... .......... .......... 98% 87.2M 0s
 91200K .......... .......... .......... .......... .......... 98% 88.2M 0s
 91250K .......... .......... .......... .......... .......... 98% 66.1M 0s
 91300K .......... .......... .......... .......... .......... 98% 83.2M 0s
 91350K .......... .......... .......... .......... .......... 98% 65.9M 0s
 91400K .......... .......... .......... .......... .......... 98% 68.9M 0s
 91450K .......... .......... .......... .......... .......... 98% 62.1M 0s
 91500K .......... .......... .......... .......... .......... 98% 72.0M 0s
 91550K .......... .......... .......... .......... .......... 98% 79.8M 0s
 91600K .......... .......... .......... .......... .......... 98% 51.4M 0s
 91650K .......... .......... .......... .......... .......... 98% 71.1M 0s
 91700K .......... .......... .......... .......... .......... 98% 69.3M 0s
 91750K .......... .......... .......... .......... .......... 98% 63.9M 0s
 91800K .......... .......... .......... .......... .......... 98% 75.1M 0s
 91850K .......... .......... .......... .......... .......... 98% 60.1M 0s
 91900K .......... .......... .......... .......... .......... 98% 73.4M 0s
 91950K .......... .......... .......... .......... .......... 99% 68.9M 0s
 92000K .......... .......... .......... .......... .......... 99% 84.0M 0s
 92050K .......... .......... .......... .......... .......... 99% 54.0M 0s
 92100K .......... .......... .......... .......... .......... 99% 67.3M 0s
 92150K .......... .......... .......... .......... .......... 99% 82.4M 0s
 92200K .......... .......... .......... .......... .......... 99% 53.2M 0s
 92250K .......... .......... .......... .......... .......... 99% 65.9M 0s
 92300K .......... .......... .......... .......... .......... 99% 81.9M 0s
 92350K .......... .......... .......... .......... .......... 99% 65.1M 0s
 92400K .......... .......... .......... .......... .......... 99% 66.5M 0s
 92450K .......... .......... .......... .......... .......... 99% 60.3M 0s
 92500K .......... .......... .......... .......... .......... 99% 73.2M 0s
 92550K .......... .......... .......... .......... .......... 99% 65.0M 0s
 92600K .......... .......... .......... .......... .......... 99% 80.8M 0s
 92650K .......... .......... .......... .......... .......... 99% 64.5M 0s
 92700K .......... .......... .......... .......... .......... 99% 66.6M 0s
 92750K .......... .......... .......... .......... .......... 99% 79.3M 0s
 92800K .......... .......... .......... .......... .......... 99% 69.9M 0s
 92850K .......... .......... .......... .........            100% 93.5M=17s-rw-r--r-- 1 root root 102447613 Dec 29  2020 inference.pdiparams
-rw-r--r-- 1 root root     23987 Dec 29  2020 inference.pdiparams.info
-rw-r--r-- 1 root root    858055 Dec 29  2020 inference.pdmodel
=== Writing inference benchmark ===
XCCL /usr/local/lib/python3.10/dist-packages/paddle/base/../libs/libbkcl.so loaded
XPURT /usr/local/lib/python3.10/dist-packages/paddle/base/../libs/libxpurt.so.1 loaded
W0507 21:30:49.183934    15 analysis_config.cc:183] Parameters in EnableXpu/enable_xpu is deprecated since version 2.6.1, and will be removed in version 3.0! Please use EnableXpu/enable_xpu without parameters, and use SetXpuConfig/set_xpu_config to set options.
I0507 21:30:49.197726    15 analysis_predictor.cc:1626] MKLDNN is enabled
[1m[35m--- Running analysis [ir_graph_build_pass][0m
I0507 21:30:49.205896    15 executor.cc:187] Old Executor is Running.
[1m[35m--- Running analysis [ir_analysis_pass][0m
[32m--- Running IR pass [delete_quant_dequant_linear_op_pass][0m
[32m--- Running IR pass [delete_weight_dequant_linear_op_pass][0m
[32m--- Running IR pass [delete_assign_op_pass][0m
[32m--- Running IR pass [delete_dropout_op_pass][0m
[32m--- Running IR pass [delete_concat_op_pass][0m
[32m--- Running IR pass [gather_squeeze_pass][0m
[32m--- Running IR pass [delete_repeated_ops_pass][0m
I0507 21:30:49.305249    15 delete_repeated_ops_pass.cc:293] Round 0: delete op counts: 0
I0507 21:30:49.305274    15 delete_repeated_ops_pass.cc:300] Total delete op counts: 0
[32m--- Running IR pass [identity_op_clean_pass][0m
I0507 21:30:49.311275    15 fuse_pass_base.cc:59] ---  detected 1 subgraphs
[32m--- Running IR pass [fused_continuous_same_ops_pass][0m
I0507 21:30:49.312304    15 fused_continuous_same_ops_pass.cc:213] Round 0: delete op counts: 0
I0507 21:30:49.312311    15 fused_continuous_same_ops_pass.cc:217] --- no nodes need to delete --- break
I0507 21:30:49.312314    15 fused_continuous_same_ops_pass.cc:221] Total delete op counts: 0
[32m--- Running IR pass [reshape_unstack_concat_fuse_pass][0m
[32m--- Running IR pass [delete_op_device_pass][0m
I0507 21:30:49.313593    15 delete_op_device_pass.cc:49] ---  delete 179 op_device attr
[32m--- Running IR pass [constant_folding_pass][0m
[32m--- Running IR pass [cast_embedding_trans_ids_to_int32_pass][0m
[32m--- Running IR pass [delete_elementwise_mul_op_pass][0m
[32m--- Running IR pass [generate_sequence_xpu_fuse_pass][0m
[32m--- Running IR pass [embedding_with_eltwise_add_xpu_fuse_pass][0m
[32m--- Running IR pass [multi_encoder_xpu_fuse_pass][0m
[32m--- Running IR pass [multi_encoder_xpu_adaptive_seqlen_fuse_pass][0m
[32m--- Running IR pass [multi_encoder_xpu_slice_fuse_pass][0m
[32m--- Running IR pass [fused_multi_transformer_cachekv_layout_trans_pass][0m
[32m--- Running IR pass [fused_multi_transformer_int8_cachekv_layout_trans_pass][0m
[32m--- Running IR pass [one_beam_size_fuse_pass][0m
[32m--- Running IR pass [fold_interp_outsize_fuse_pass][0m
[32m--- Running IR pass [fold_two_squeeze2_fuse_pass][0m
[32m--- Running IR pass [duplicated_transpose_fuse_pass][0m
I0507 21:30:49.614873    15 duplicated_transpose_fuse_pass.cc:130] Round 0: delete op counts: 0
I0507 21:30:49.614881    15 duplicated_transpose_fuse_pass.cc:134] --- no nodes need to delete --- break
I0507 21:30:49.614884    15 duplicated_transpose_fuse_pass.cc:138] Total delete op counts: 0
[32m--- Running IR pass [conv2d_bias_fuse_pass][0m
[32m--- Running IR pass [redundant_unsqueeze_squeeze_elimination_pass][0m
[32m--- Running IR pass [reduce_ops_fuse_pass][0m
[32m--- Running IR pass [delete_cast_op_pass][0m
[32m--- Running IR pass [xpu_delete_cast_op_pass][0m
[32m--- Running IR pass [conv2d_trans_filter_dilations_nxn_to_1x1_pass][0m
[32m--- Running IR pass [stack_fuse_pass][0m
[32m--- Running IR pass [fused_multi_transformer_xpu_pass][0m
[32m--- Running IR pass [fused_multi_transformer_int8_xpu_quant_pass][0m
[32m--- Running IR pass [relu6_fuse_pass][0m
[32m--- Running IR pass [sigmoid_elementmul_fuse_pass][0m
[32m--- Running IR pass [layer_norm_fuse_pass][0m
[32m--- Running IR pass [matmul_weight_trans_pass][0m
[32m--- Running IR pass [map_matmulv2_to_matmul_xpu_pass][0m
[32m--- Running IR pass [reshape2_matmul_xpu_fuse_pass][0m
I0507 21:30:49.643291    15 fuse_pass_base.cc:59] ---  detected 1 subgraphs
[32m--- Running IR pass [squeeze2_matmul_xpu_fuse_pass][0m
[32m--- Running IR pass [redundant_squeeze_unsqueeze_elimination_pass][0m
[32m--- Running IR pass [fc_xpu_fuse_pass][0m
I0507 21:30:50.234105    15 fuse_pass_base.cc:59] ---  detected 1 subgraphs
[32m--- Running IR pass [conv2d_xpu_fuse_pass][0m
I0507 21:30:52.321599    15 fuse_pass_base.cc:59] ---  detected 53 subgraphs
[32m--- Running IR pass [conv2d_transpose_xpu_fuse_pass][0m
[32m--- Running IR pass [squeeze_excitation_fuse_pass][0m
[32m--- Running IR pass [add_activation_xpu_fuse_pass][0m
[32m--- Running IR pass [add_layernorm_xpu_fuse_pass][0m
[32m--- Running IR pass [layer_norm_act_xpu_fuse_pass][0m
[32m--- Running IR pass [fast_layernorm_xpu_fuse_pass][0m
[32m--- Running IR pass [bn_act_xpu_fuse_pass][0m
[32m--- Running IR pass [yolo_box_xpu_fuse_pass][0m
[32m--- Running IR pass [fast_where_xpu_fuse_pass][0m
[32m--- Running IR pass [elementwise_mul_add_fuse_pass][0m
[32m--- Running IR pass [cast_mixed_precision_op_fuse_pass][0m
[32m--- Running IR pass [xpu_quantize_op_pass][0m
[32m--- Running IR pass [xpu_quantize_squash_pass][0m
[37m---    squashed 0 dequantize-quantize pairs[0m
[37m---    squashed 0 dequant with ops[0m
[37m---    squashed 0 quantize with ops[0m
[37m---    squashed 0 branch quantize - out dequantize pairs[0m
[37m---    squashed 0 quantize op[0m
[32m--- Running IR pass [link_xpu_op_max_pass][0m
I0507 21:30:52.518791    15 fuse_pass_base.cc:59] ---  detected 1 subgraphs
I0507 21:30:52.522289    15 fuse_pass_base.cc:59] ---  detected 16 subgraphs
I0507 21:30:52.526858    15 fuse_pass_base.cc:59] ---  detected 37 subgraphs
[32m--- Running IR pass [delete_isolated_node_pass][0m
I0507 21:30:52.544601    15 delete_isolated_node_pass.cc:86] ---  delete 427 isolated nodes
[32m--- Running IR pass [inplace_op_var_pass][0m
[1m[35m--- Running analysis [save_optimized_model_pass][0m
[1m[35m--- Running analysis [ir_params_sync_among_devices_pass][0m
I0507 21:30:52.546231    15 ir_params_sync_among_devices_pass.cc:182] Sync params from CPU to XPU: xpu_device_id - 0
W0507 21:30:52.546463    15 xpu_context.cc:151] Please NOTE: xpu device: 0
[1m[35m--- Running analysis [adjust_cudnn_workspace_size_pass][0m
[1m[35m--- Running analysis [inference_op_replace_pass][0m
[1m[35m--- Running analysis [ir_graph_to_program_pass][0m
I0507 21:30:52.590837    15 analysis_predictor.cc:1838] ======= optimize end =======
I0507 21:30:52.592360    15 naive_executor.cc:200] ---  skip [feed], feed -> inputs
I0507 21:30:52.592761    15 naive_executor.cc:200] ---  skip [save_infer_model/scale_0.tmp_1], fetch -> fetch
param of BufferMgr::set(ptr, size) error, should align to 64
param of BufferMgr::set(ptr, size) error, should align to 64
param of BufferMgr::set(ptr, size) error, should align to 64
param of BufferMgr::set(ptr, size) error, should align to 64
param of BufferMgr::set(ptr, size) error, should align to 64
param of BufferMgr::set(ptr, size) error, should align to 64
param of BufferMgr::set(ptr, size) error, should align to 64
param of BufferMgr::set(ptr, size) error, should align to 64
param of BufferMgr::set(ptr, size) error, should align to 64
param of BufferMgr::set(ptr, size) error, should align to 64
param of BufferMgr::set(ptr, size) error, should align to 64
param of BufferMgr::set(ptr, size) error, should align to 64
param of BufferMgr::set(ptr, size) error, should align to 64
param of BufferMgr::set(ptr, size) error, should align to 64
param of BufferMgr::set(ptr, size) error, should align to 64
param of BufferMgr::set(ptr, size) error, should align to 64
param of BufferMgr::set(ptr, size) error, should align to 64
param of BufferMgr::set(ptr, size) error, should align to 64
param of BufferMgr::set(ptr, size) error, should align to 64
param of BufferMgr::set(ptr, size) error, should align to 64
param of BufferMgr::set(ptr, size) error, should align to 64
param of BufferMgr::set(ptr, size) error, should align to 64
param of BufferMgr::set(ptr, size) error, should align to 64
param of BufferMgr::set(ptr, size) error, should align to 64
param of BufferMgr::set(ptr, size) error, should align to 64
param of BufferMgr::set(ptr, size) error, should align to 64
param of BufferMgr::set(ptr, size) error, should align to 64
param of BufferMgr::set(ptr, size) error, should align to 64
param of BufferMgr::set(ptr, size) error, should align to 64
param of BufferMgr::set(ptr, size) error, should align to 64
param of BufferMgr::set(ptr, size) error, should align to 64
param of BufferMgr::set(ptr, size) error, should align to 64
param of BufferMgr::set(ptr, size) error, should align to 64
param of BufferMgr::set(ptr, size) error, should align to 64
param of BufferMgr::set(ptr, size) error, should align to 64
param of BufferMgr::set(ptr, size) error, should align to 64
param of BufferMgr::set(ptr, size) error, should align to 64
param of BufferMgr::set(ptr, size) error, should align to 64
param of BufferMgr::set(ptr, size) error, should align to 64
param of BufferMgr::set(ptr, size) error, should align to 64
param of BufferMgr::set(ptr, size) error, should align to 64
param of BufferMgr::set(ptr, size) error, should align to 64
param of BufferMgr::set(ptr, size) error, should align to 64
param of BufferMgr::set(ptr, size) error, should align to 64
param of BufferMgr::set(ptr, size) error, should align to 64
param of BufferMgr::set(ptr, size) error, should align to 64
param of BufferMgr::set(ptr, size) error, should align to 64
param of BufferMgr::set(ptr, size) error, should align to 64
param of BufferMgr::set(ptr, size) error, should align to 64
param of BufferMgr::set(ptr, size) error, should align to 64
param of BufferMgr::set(ptr, size) error, should align to 64
param of BufferMgr::set(ptr, size) error, should align to 64
param of BufferMgr::set(ptr, size) error, should align to 64
param of BufferMgr::set(ptr, size) error, should align to 64
param of BufferMgr::set(ptr, size) error, should align to 64
param of BufferMgr::set(ptr, size) error, should align to 64
param of BufferMgr::set(ptr, size) error, should align to 64
param of BufferMgr::set(ptr, size) error, should align to 64
param of BufferMgr::set(ptr, size) error, should align to 64
param of BufferMgr::set(ptr, size) error, should align to 64
param of BufferMgr::set(ptr, size) error, should align to 64
param of BufferMgr::set(ptr, size) error, should align to 64
param of BufferMgr::set(ptr, size) error, should align to 64
param of BufferMgr::set(ptr, size) error, should align to 64
param of BufferMgr::set(ptr, size) error, should align to 64
param of BufferMgr::set(ptr, size) error, should align to 64
param of BufferMgr::set(ptr, size) error, should align to 64
param of BufferMgr::set(ptr, size) error, should align to 64
param of BufferMgr::set(ptr, size) error, should align to 64
param of BufferMgr::set(ptr, size) error, should align to 64
param of BufferMgr::set(ptr, size) error, should align to 64
param of BufferMgr::set(ptr, size) error, should align to 64
param of BufferMgr::set(ptr, size) error, should align to 64
param of BufferMgr::set(ptr, size) error, should align to 64
param of BufferMgr::set(ptr, size) error, should align to 64
param of BufferMgr::set(ptr, size) error, should align to 64
param of BufferMgr::set(ptr, size) error, should align to 64
param of BufferMgr::set(ptr, size) error, should align to 64
param of BufferMgr::set(ptr, size) error, should align to 64
param of BufferMgr::set(ptr, size) error, should align to 64
param of BufferMgr::set(ptr, size) error, should align to 64
param of BufferMgr::set(ptr, size) error, should align to 64
param of BufferMgr::set(ptr, size) error, should align to 64
param of BufferMgr::set(ptr, size) error, should align to 64
param of BufferMgr::set(ptr, size) error, should align to 64
param of BufferMgr::set(ptr, size) error, should align to 64
param of BufferMgr::set(ptr, size) error, should align to 64
param of BufferMgr::set(ptr, size) error, should align to 64
param of BufferMgr::set(ptr, size) error, should align to 64
param of BufferMgr::set(ptr, size) error, should align to 64
param of BufferMgr::set(ptr, size) error, should align to 64
param of BufferMgr::set(ptr, size) error, should align to 64
param of BufferMgr::set(ptr, size) error, should align to 64
param of BufferMgr::set(ptr, size) error, should align to 64
param of BufferMgr::set(ptr, size) error, should align to 64
param of BufferMgr::set(ptr, size) error, should align to 64
param of BufferMgr::set(ptr, size) error, should align to 64
param of BufferMgr::set(ptr, size) error, should align to 64
param of BufferMgr::set(ptr, size) error, should align to 64
param of BufferMgr::set(ptr, size) error, should align to 64
param of BufferMgr::set(ptr, size) error, should align to 64
param of BufferMgr::set(ptr, size) error, should align to 64
param of BufferMgr::set(ptr, size) error, should align to 64
param of BufferMgr::set(ptr, size) error, should align to 64
param of BufferMgr::set(ptr, size) error, should align to 64
param of BufferMgr::set(ptr, size) error, should align to 64
param of BufferMgr::set(ptr, size) error, should align to 64
param of BufferMgr::set(ptr, size) error, should align to 64
param of BufferMgr::set(ptr, size) error, should align to 64
param of BufferMgr::set(ptr, size) error, should align to 64
=== Paddle Inference ResNet-50 Benchmark ===
Batch size: 1, Input: 224x224
Warmup: 10, Runs: 100

Total time: 0.094s
Avg latency: 0.94 ms/batch
Throughput: 1068.7 images/sec
Results saved to /mnt/storage/test_xpu/results/paddle_resnet50_infer.txt
No XPU Memory Leak
EXIT_CODE=0
